ticker,name,exchange,close,pe,pb,yield_pct,as_of
4523,永彰,TPEx,30.35,1.36,0.9,8.7,1150511
2911,麗嬰房,TWSE,5.11,2.38,0.69,,20260508
2718,全心投控,TPEx,41.2,2.43,0.57,13.35,1150511
1432,大魯閣,TWSE,16.85,2.79,1.09,11.87,20260508
3708,上緯投控,TWSE,118.5,2.9,0.62,5.06,20260508
2102,泰豐,TWSE,18.8,2.99,0.9,,20260508
4123,晟德,TPEx,38.3,3.11,1.08,5.87,1150511
3609,三一東林,TPEx,22.8,3.55,1.67,0.0,1150511
2442,新美齊,TWSE,18.65,3.62,0.83,14.48,20260508
2547,日勝生,TWSE,10.3,3.68,0.75,7.77,20260508
1456,怡華,TWSE,14.2,4.16,0.69,,20260508
9949,琉園,TPEx,24.0,4.54,1.84,9.17,1150511
4303,信立,TPEx,52.0,4.66,1.41,9.62,1150511
2915,潤泰全,TWSE,43.25,4.76,0.45,4.39,20260508
6186,新潤,TPEx,39.65,5.08,1.51,12.63,1150511
6596,寬宏藝術,TPEx,104.0,5.52,2.38,17.98,1150511
3188,鑫龍騰,TPEx,24.1,5.95,1.37,13.26,1150511
1608,華榮,TWSE,34.0,6.17,1.48,5.88,20260508
9945,潤泰新,TWSE,23.4,6.19,0.65,4.7,20260508
2536,宏普,TWSE,20.65,6.24,0.54,2.42,20260508
6171,大城地產,TPEx,,6.29,1.04,8.21,1150511
2528,皇普,TWSE,22.25,6.3,1.22,13.48,20260508
9904,寶成,TWSE,25.9,6.32,0.54,5.02,20260508
2816,旺旺保,TWSE,30.4,6.52,0.84,4.93,20260508
5511,德昌,TPEx,69.8,6.56,1.15,8.01,1150511
8077,洛碁,TPEx,40.0,6.62,1.76,5.0,1150511
1108,幸福,TWSE,14.55,6.67,1.02,6.87,20260508
5519,隆大,TWSE,33.1,6.67,1.17,11.48,20260508
2323,中環,TWSE,10.55,6.68,0.6,1.9,20260508
2603,長榮,TWSE,211.5,6.68,0.81,7.57,20260508
2615,萬海,TWSE,76.5,6.82,0.78,3.92,20260508
4763,材料*-KY,TWSE,41.9,6.87,2.08,7.28,20260508
2514,龍邦,TWSE,13.25,7.09,0.37,,20260508
5206,坤悅,TPEx,24.5,7.12,1.14,6.12,1150511
5455,昇益,TPEx,24.7,7.14,1.17,0.0,1150511
5547,久舜,TPEx,21.85,7.14,1.27,8.88,1150511
2610,華航,TWSE,18.55,7.25,1.1,4.42,20260508
2618,長榮航,TWSE,35.65,7.37,1.39,5.61,20260508
2505,國揚,TWSE,17.75,7.49,0.62,5.63,20260508
3284,太普高,TPEx,17.45,7.55,1.23,2.87,1150511
6807,峰源-KY,TWSE,35.4,7.55,0.73,7.06,20260508
4417,金洲,TPEx,46.45,7.58,1.21,7.53,1150511
6212,理銘,TPEx,30.0,7.58,0.82,0.0,1150511
4967,十銓,TWSE,298.0,7.63,3.57,3.36,20260508
1459,聯發,TWSE,11.9,7.68,1.07,1.68,20260508
5225,東科-KY,TWSE,74.4,8.04,1.87,9.69,20260508
2501,國建,TWSE,23.0,8.13,0.87,5.22,20260508
5520,力泰,TPEx,81.1,8.13,1.62,8.63,1150511
4736,泰博,TWSE,126.0,8.33,1.23,3.97,20260508
3512,皇龍,TPEx,20.35,8.34,0.87,8.85,1150511
1439,雋揚,TWSE,26.85,8.36,0.83,1.86,20260508
6625,必應,TWSE,74.0,8.4,2.27,6.76,20260508
2316,楠梓電,TWSE,112.5,8.41,1.62,1.78,20260508
5213,亞昕,TPEx,25.85,8.45,1.15,10.83,1150511
2851,中再保,TWSE,31.15,8.51,1.15,7.06,20260508
2031,新光鋼,TWSE,39.65,8.68,1.21,6.31,20260508
2636,台驊控股,TWSE,67.7,8.75,0.94,7.39,20260508
2607,榮運,TWSE,47.9,8.84,0.84,5.64,20260508
3356,奇偶,TWSE,55.1,8.87,1.77,6.35,20260508
2617,台航,TWSE,29.4,8.88,0.67,5.1,20260508
2535,達欣工,TWSE,74.2,8.9,1.95,6.2,20260508
6887,寶綠特-KY,TWSE,39.95,8.9,1.01,6.06,20260508
5515,建國,TWSE,39.95,8.92,1.53,8.26,20260508
1442,名軒,TWSE,27.1,8.94,1.24,8.86,20260508
2641,正德,TPEx,18.0,8.96,0.74,2.78,1150511
2852,第一保,TWSE,26.15,8.96,0.86,6.35,20260508
2546,根基,TWSE,85.4,8.97,1.85,7.03,20260508
2534,宏盛,TWSE,18.75,9.1,0.59,8.0,20260508
2731,雄獅,TWSE,159.5,9.12,3.0,8.03,20260508
5209,新鼎,TPEx,164.5,9.17,5.36,7.9,1150511
8401,白紗科,TPEx,24.2,9.2,1.41,4.96,1150511
7715,裕山,TPEx,28.5,9.22,1.0,6.32,1150511
3622,洋華,TWSE,56.4,9.26,1.09,5.67,20260508
1615,大山,TWSE,44.7,9.29,1.99,5.59,20260508
1618,合機,TWSE,39.2,9.31,1.15,4.34,20260508
6605,帝寶,TWSE,130.0,9.31,1.08,5.0,20260508
5283,禾聯碩,TWSE,52.5,9.33,0.96,3.81,20260508
5522,遠雄,TWSE,70.0,9.4,1.08,7.86,20260508
6021,美好證,TPEx,35.4,9.41,1.13,5.65,1150511
3078,僑威,TPEx,57.2,9.42,1.77,6.99,1150511
6751,智聯服務,TPEx,49.4,9.52,1.21,6.07,1150511
8446,華研,TPEx,84.2,9.61,2.34,9.5,1150511
2548,華固,TWSE,123.5,9.63,1.92,6.88,20260508
6026,福邦證,TPEx,16.6,9.65,1.08,8.22,1150511
3052,夆典,TWSE,10.65,9.68,0.62,5.63,20260508
3611,鼎翰,TPEx,191.0,9.73,1.69,5.24,1150511
4552,力達-KY,TWSE,20.15,9.73,0.38,2.98,20260508
1446,宏和,TWSE,15.8,9.75,0.78,9.49,20260508
1580,新麥,TPEx,123.5,9.85,1.9,6.88,1150511
1603,華電,TWSE,32.1,9.85,0.68,6.23,20260508
5609,中菲行,TPEx,79.6,9.95,1.77,7.04,1150511
2206,三陽工業,TWSE,58.0,9.97,1.72,5.17,20260508
7811,民盛,TPEx,80.9,9.99,1.32,7.7,1150511
2010,春源,TWSE,23.4,10.04,1.26,8.55,20260508
1541,錩泰,TWSE,23.4,10.09,0.87,2.14,20260508
2204,中華,TWSE,54.4,10.09,0.79,6.62,20260508
2614,東森,TWSE,20.1,10.1,1.53,5.97,20260508
2451,創見,TWSE,312.5,10.11,5.14,3.78,20260508
4536,拓凱,TWSE,151.0,10.12,1.46,5.3,20260508
5212,凌網,TPEx,48.0,10.13,2.63,8.75,1150511
1295,生合,TPEx,53.7,10.15,1.39,5.59,1150511
2006,東和鋼鐵,TWSE,67.4,10.17,1.52,6.38,20260508
1475,業旺,TWSE,27.7,10.18,1.18,5.42,20260508
2609,陽明,TWSE,49.9,10.18,0.53,4.01,20260508
3484,崧騰,TPEx,43.8,10.26,1.06,5.71,1150511
6994,富威電力,TWSE,64.4,10.27,1.97,4.66,20260508
2020,美亞,TWSE,21.95,10.31,1.31,8.2,20260508
5538,東明-KY,TWSE,31.15,10.31,0.84,4.82,20260508
6272,驊陞,TWSE,31.55,10.31,1.32,6.34,20260508
7753,星亞,TPEx,42.6,10.31,1.84,3.52,1150511
6573,虹揚-KY,TWSE,12.7,10.33,1.65,,20260508
6221,晉泰,TPEx,24.4,10.38,1.32,4.92,1150511
6028,公勝保經,TPEx,81.9,10.42,2.78,7.33,1150511
8463,潤泰材,TWSE,22.2,10.47,1.35,3.6,20260508
4442,竣邦-KY,TPEx,54.9,10.5,2.06,6.38,1150511
4207,環泰,TPEx,18.5,10.51,1.25,6.49,1150511
6637,醫影,TPEx,70.9,10.52,1.65,6.35,1150511
2504,國產,TWSE,34.75,10.53,1.51,7.48,20260508
5306,桂盟,TWSE,80.9,10.56,1.15,4.64,20260508
4581,光隆精密-KY,TWSE,50.0,10.57,1.38,6.0,20260508
5871,中租-KY,TWSE,112.5,10.57,1.15,5.33,20260508
7767,仁大資訊,TPEx,44.2,10.57,1.44,6.79,1150511
2530,華建,TWSE,21.5,10.59,1.79,8.6,20260508
1713,國化,TWSE,47.5,10.6,1.78,6.53,20260508
2612,中航,TWSE,57.9,10.6,0.85,3.8,20260508
6757,台灣虎航,TWSE,57.0,10.61,3.58,4.25,20260508
9946,三發地產,TWSE,16.15,10.63,0.78,8.48,20260508
6122,擎邦,TPEx,48.95,10.64,2.23,6.95,1150511
1817,凱撒衛,TWSE,38.5,10.66,1.24,5.71,20260508
2248,華勝-KY,TWSE,55.6,10.69,1.59,5.54,20260508
2516,新建,TWSE,13.2,10.73,1.46,,20260508
8114,振樺電,TWSE,198.5,10.74,2.07,5.78,20260508
6556,勝品,TPEx,70.1,10.77,1.31,4.99,1150511
2496,卓越,TWSE,65.9,10.79,1.42,7.59,20260508
2850,新產,TWSE,132.5,10.79,2.02,5.49,20260508
1423,利華,TWSE,40.85,10.84,1.1,8.81,20260508
2357,華碩,TWSE,650.0,10.84,1.8,6.46,20260508
5287,數字,TPEx,151.0,10.84,3.57,7.38,1150511
9951,皇田,TPEx,54.0,10.89,1.05,5.96,1150511
5529,鉅陞,TPEx,21.9,10.9,1.51,1.76,1150511
8279,生展,TPEx,98.2,10.91,1.17,5.09,1150511
6024,群益期,TWSE,58.2,10.92,1.4,5.96,20260508
9938,百和,TWSE,44.8,10.93,1.0,6.7,20260508
2832,台產,TWSE,53.6,10.94,1.15,6.53,20260508
3218,大學光,TPEx,135.5,11.01,2.85,5.72,1150511
4111,濟生,TPEx,30.3,11.02,1.31,4.29,1150511
6474,華豫寧,TPEx,38.5,11.03,1.19,6.49,1150511
1104,環泥,TWSE,28.3,11.05,0.8,6.54,20260508
4167,松瑞藥,TPEx,19.0,11.05,1.56,7.81,1150511
9935,慶豐富,TWSE,18.25,11.06,1.21,6.58,20260508
2745,五福,TPEx,101.5,11.08,3.08,7.39,1150511
9941,裕融,TWSE,75.7,11.08,1.22,6.05,20260508
6176,瑞儀,TWSE,104.5,11.15,1.33,3.35,20260508
6763,綠界科技*,TPEx,47.05,11.18,2.73,6.38,1150511
2488,漢平,TWSE,51.9,11.19,1.43,5.78,20260508
8410,森田,TPEx,36.65,11.21,0.72,8.19,1150511
4702,中美實,TPEx,9.87,11.22,0.55,5.07,1150511
7716,昱臺國際,TPEx,25.1,11.26,1.15,6.77,1150511
4305,世坤,TPEx,43.65,11.28,1.82,7.1,1150511
1307,三芳,TWSE,32.2,11.3,1.27,6.83,20260508
2916,滿心,TPEx,44.75,11.3,1.77,8.04,1150511
8415,大國鋼,TPEx,34.55,11.33,1.31,4.34,1150511
1708,東鹼,TWSE,37.2,11.34,1.25,4.3,20260508
6670,復盛應用,TWSE,254.0,11.34,2.28,6.3,20260508
6591,動力-KY,TWSE,57.9,11.35,1.06,6.91,20260508
1436,華友聯,TWSE,48.85,11.36,1.74,10.34,20260508
6170,統振,TPEx,51.0,11.36,2.33,7.84,1150511
2539,櫻花建,TWSE,39.35,11.37,2.62,7.12,20260508
1730,花仙子,TWSE,52.8,11.4,1.55,5.68,20260508
2211,長榮鋼,TWSE,98.5,11.45,1.5,6.6,20260508
6294,智基,TPEx,31.95,11.49,1.44,9.39,1150511
3703,欣陸,TWSE,20.7,11.5,0.61,5.07,20260508
2520,冠德,TWSE,30.05,11.51,0.73,5.32,20260508
5548,安倉,TPEx,23.5,11.52,1.22,8.09,1150511
6005,群益證,TWSE,30.55,11.57,1.46,5.6,20260508
4105,東洋,TPEx,75.2,11.6,2.85,5.98,1150511
6023,元大期,TPEx,99.5,11.62,1.57,5.53,1150511
7794,宏碁智新,TPEx,30.6,11.63,2.25,5.23,1150511
4973,廣穎,TPEx,109.5,11.65,2.82,0.91,1150511
7757,金色三麥,TPEx,104.5,11.65,2.28,7.42,1150511
4560,強信-KY,TWSE,35.2,11.66,1.2,4.26,20260508
2937,集雅社,TPEx,44.4,11.68,1.82,6.98,1150511
3005,神基,TWSE,98.2,11.69,2.34,6.91,20260508
6728,上洋,TPEx,114.5,11.72,1.72,5.68,1150511
2387,精元,TWSE,40.75,11.74,0.74,9.82,20260508
1438,三地開發,TWSE,20.45,11.75,0.72,,20260508
1720,生達,TWSE,61.1,11.77,1.78,4.91,20260508
3114,好德,TPEx,26.25,11.82,1.07,5.37,1150511
2751,王座,TPEx,54.1,11.84,2.46,7.38,1150511
2348,海悅,TWSE,70.9,11.86,1.54,7.76,20260508
6971,惠民實業,TPEx,28.85,11.92,1.24,5.2,1150511
8367,建新國際,TWSE,42.05,11.95,1.2,6.78,20260508
1437,勤益控,TWSE,29.0,11.98,0.71,3.31,20260508
8404,百和興業-KY,TWSE,17.15,11.99,1.0,2.92,20260508
1218,泰山,TWSE,19.1,12.01,0.72,6.91,20260508
6771,平和環保-創,TWSE,43.8,12.03,1.55,7.31,20260508
2109,華豐,TWSE,14.0,12.07,1.12,7.14,20260508
6703,軒郁,TPEx,119.5,12.07,3.03,7.36,1150511
2069,運錩,TWSE,19.6,12.1,0.78,5.1,20260508
2752,豆府,TPEx,182.0,12.1,3.51,7.42,1150511
2882,國泰金,TWSE,80.0,12.1,1.4,4.38,20260508
5403,中菲,TPEx,92.6,12.1,2.99,7.02,1150511
1240,茂生農經,TPEx,59.0,12.14,1.74,5.93,1150511
5478,智冠,TPEx,96.3,12.14,1.62,7.79,1150511
6527,明達醫,TPEx,68.6,12.14,1.76,4.23,1150511
6016,康和證,TPEx,24.05,12.15,1.47,5.84,1150511
3303,岱稜,TPEx,52.0,12.18,2.18,5.77,1150511
6470,宇智,TPEx,47.15,12.18,1.5,5.3,1150511
1210,大成,TWSE,52.9,12.22,1.66,5.67,20260508
7738,東聯互動,TPEx,178.5,12.22,2.42,5.6,1150511
8426,紅木-KY,TPEx,22.6,12.22,0.89,3.54,1150511
9939,宏全,TWSE,111.5,12.25,1.64,5.56,20260508
6177,達麗,TWSE,46.8,12.28,2.01,6.41,20260508
1457,宜進,TWSE,14.5,12.29,0.63,6.9,20260508
1777,生泰,TPEx,71.1,12.32,1.28,5.63,1150511
8442,威宏-KY,TWSE,50.4,12.32,0.94,5.95,20260508
6192,巨路,TWSE,124.0,12.33,1.59,4.68,20260508
6592,和潤企業,TWSE,60.7,12.34,1.18,5.44,20260508
1102,亞泥,TWSE,34.95,12.35,0.69,6.58,20260508
5876,上海商銀,TWSE,38.9,12.35,0.91,4.63,20260508
8930,青鋼,TPEx,28.9,12.35,1.74,7.61,1150511
6721,信實,TPEx,57.5,12.37,1.96,5.74,1150511
8936,國統,TPEx,50.6,12.4,1.86,5.93,1150511
4942,嘉彰,TWSE,38.05,12.43,0.6,5.26,20260508
8183,精星,TPEx,31.7,12.43,1.0,2.52,1150511
1319,東陽,TWSE,80.2,12.47,1.69,6.23,20260508
2606,裕民,TWSE,65.0,12.48,1.35,4.31,20260508
2881,富邦金,TWSE,96.7,12.48,1.54,4.4,20260508
2477,美隆電,TWSE,21.0,12.5,0.79,6.67,20260508
4735,豪展,TPEx,30.75,12.5,1.19,6.5,1150511
3056,富華新,TWSE,13.4,12.52,0.74,4.55,20260508
3709,鑫聯大投控,TPEx,89.1,12.53,3.06,2.81,1150511
4532,瑞智,TWSE,22.95,12.54,1.09,6.54,20260508
2820,華票,TWSE,16.85,12.57,0.81,5.34,20260508
5258,虹堡,TWSE,53.3,12.57,1.28,1.88,20260508
3570,大塚,TPEx,175.5,12.58,2.75,5.53,1150511
6165,浪凡,TWSE,52.0,12.59,2.49,9.62,20260508
3046,建碁,TWSE,50.6,12.62,2.38,5.93,20260508
5288,豐祥-KY,TWSE,152.0,12.64,1.74,4.28,20260508
6671,三能-KY,TWSE,30.05,12.68,1.03,3.99,20260508
4527,方土霖,TPEx,43.15,12.69,1.83,6.95,1150511
5315,光聯,TPEx,22.2,12.69,1.47,7.21,1150511
8271,宇瞻,TWSE,260.5,12.69,5.29,1.73,20260508
7782,光速火箭,TPEx,27.05,12.7,1.3,7.44,1150511
7718,友鋮,TPEx,47.8,12.75,1.4,5.23,1150511
8478,東哥遊艇,TWSE,169.0,12.75,1.75,3.85,20260508
8424,惠普,TPEx,74.0,12.76,2.28,6.76,1150511
2941,米斯特,TPEx,30.0,12.77,1.28,7.6,1150511
8924,大田,TPEx,64.0,12.77,1.36,6.72,1150511
7791,皇家可口,TWSE,64.4,12.78,1.42,5.92,20260508
4953,緯軟,TPEx,118.5,12.8,1.99,4.22,1150511
4987,科誠,TPEx,81.5,12.81,2.06,6.26,1150511
8467,波力-KY,TWSE,130.5,12.81,2.27,5.41,20260508
4439,冠星-KY,TWSE,99.0,12.82,1.12,4.04,20260508
2643,捷迅,TPEx,66.9,12.84,1.15,6.73,1150511
6279,胡連,TPEx,120.5,12.87,1.53,4.56,1150511
6121,新普,TPEx,394.0,12.88,1.9,5.53,1150511
1215,卜蜂,TWSE,134.0,12.9,3.18,5.22,20260508
2459,敦吉,TWSE,66.7,12.9,1.23,6.3,20260508
2834,臺企銀,TWSE,16.25,12.9,1.07,6.15,20260508
8432,東生華,TPEx,49.6,12.92,1.29,5.26,1150511
1535,中宇,TWSE,50.3,12.93,1.57,5.96,20260508
6768,志強-KY,TWSE,87.5,12.94,1.16,5.9,20260508
4933,友輝,TPEx,69.8,12.97,1.59,4.15,1150511
4754,國碳科,TPEx,37.25,12.98,2.11,6.17,1150511
8416,實威,TPEx,175.0,13.0,2.96,4.86,1150511
6846,綠茵,TPEx,70.2,13.02,1.94,5.62,1150511
4744,皇將,TPEx,32.7,13.03,1.4,3.06,1150511
1783,和康生,TWSE,39.4,13.05,2.17,5.08,20260508
6790,永豐實,TWSE,40.05,13.05,1.76,6.62,20260508
5314,世紀*,TPEx,72.6,13.06,11.49,2.43,1150511
5534,長虹,TWSE,78.4,13.07,1.09,7.02,20260508
6881,潤德,TPEx,272.5,13.12,4.22,6.79,1150511
6195,詩肯,TPEx,23.5,13.13,0.89,4.26,1150511
5457,宣德,TPEx,36.4,13.14,1.24,4.12,1150511
1795,美時,TWSE,236.5,13.17,2.61,1.14,20260508
2812,台中銀,TWSE,19.75,13.17,1.3,5.37,20260508
3158,嘉實,TPEx,88.8,13.23,2.5,7.32,1150511
6782,視陽,TWSE,196.0,13.23,2.93,4.29,20260508
1612,宏泰,TWSE,36.7,13.25,1.37,6.81,20260508
2013,中鋼構,TWSE,42.8,13.25,1.47,5.61,20260508
1264,德麥,TPEx,271.5,13.26,2.74,5.52,1150511
2855,統一證,TWSE,40.0,13.33,1.63,5.28,20260508
9911,櫻花,TWSE,83.2,13.33,2.65,6.01,20260508
4584,君帆,TPEx,40.15,13.34,1.09,4.98,1150511
1604,聲寶,TWSE,22.75,13.38,0.96,6.59,20260508
6855,數泓科,TPEx,105.0,13.38,2.67,5.24,1150511
8481,政伸,TWSE,40.9,13.41,1.66,6.72,20260508
6754,匯僑設計,TWSE,45.95,13.48,1.3,7.62,20260508
2247,汎德永業,TWSE,215.0,13.54,1.4,6.74,20260508
6697,東捷資訊,TPEx,41.2,13.55,1.81,6.31,1150511
6203,海韻電,TPEx,74.7,13.56,1.98,5.35,1150511
6491,晶碩,TWSE,283.0,13.56,1.9,3.53,20260508
8473,山林水,TWSE,34.6,13.57,0.92,5.43,20260508
5469,瀚宇博,TWSE,81.8,13.59,1.1,3.08,20260508
3617,碩天,TWSE,197.0,13.61,1.93,5.08,20260508
6227,茂綸,TPEx,103.0,13.66,2.62,4.37,1150511
6281,全國電,TWSE,51.0,13.67,1.89,6.47,20260508
6590,普鴻,TPEx,69.4,13.69,2.63,6.2,1150511
2597,潤弘,TWSE,156.0,13.73,5.21,6.2,20260508
1268,漢來美食,TPEx,159.5,13.75,2.64,5.02,1150511
1707,葡萄王,TWSE,113.0,13.75,1.62,5.31,20260508
4915,致伸,TWSE,72.5,13.76,1.57,6.3,20260508
8436,大江,TPEx,120.5,13.79,1.64,4.98,1150511
1736,喬山,TWSE,125.0,13.8,2.76,3.2,20260508
2072,世紀風電,TWSE,180.5,13.81,1.48,3.92,20260508
7786,東方風能,TWSE,139.5,13.84,2.49,4.01,20260508
2414,精技,TWSE,48.9,13.85,2.31,6.13,20260508
2471,資通,TWSE,53.1,13.86,2.59,6.23,20260508
2801,彰銀,TWSE,20.95,13.87,1.12,4.77,20260508
9914,美利達,TWSE,55.7,13.89,0.86,5.03,20260508
3687,歐買尬,TPEx,64.9,13.9,1.21,3.09,1150511
6752,叡揚,TPEx,103.0,13.9,2.74,4.66,1150511
4138,曜亞,TPEx,53.0,13.91,1.27,7.92,1150511
1726,永記,TWSE,76.6,13.93,1.19,4.83,20260508
2027,大成鋼,TWSE,39.6,13.94,1.24,3.79,20260508
1416,廣豐,TWSE,11.3,13.95,0.48,5.04,20260508
1409,新纖,TWSE,16.8,14.0,0.65,5.36,20260508
1752,南光,TWSE,33.9,14.01,1.38,4.72,20260508
6722,輝創,TWSE,40.7,14.03,1.45,4.91,20260508
6811,宏碁資訊,TPEx,212.5,14.04,4.14,4.94,1150511
2753,八方雲集,TWSE,180.5,14.06,3.17,6.65,20260508
3596,智易,TWSE,178.0,14.07,2.49,5.06,20260508
2427,三商電,TWSE,21.55,14.08,1.3,3.25,20260508
2727,王品,TWSE,234.5,14.09,5.07,6.87,20260508
2891,中信金,TWSE,56.4,14.1,2.2,4.43,20260508
9927,泰銘,TWSE,69.2,14.12,1.6,7.23,20260508
9931,欣高,TWSE,34.6,14.12,1.26,5.2,20260508
2883,凱基金,TWSE,22.9,14.14,1.3,4.37,20260508
3118,進階,TPEx,33.65,14.14,1.83,6.54,1150511
2637,慧洋-KY,TWSE,74.6,14.16,1.16,4.69,20260508
3217,優群,TPEx,178.0,14.18,3.08,5.62,1150511
6961,旅天下,TPEx,60.0,14.18,1.73,8.33,1150511
6996,力領科技,TPEx,183.0,14.18,3.11,5.47,1150511
9802,鈺齊-KY,TWSE,80.4,14.18,1.19,6.34,20260508
2420,新巨,TWSE,55.5,14.19,2.13,5.41,20260508
2845,遠東銀,TWSE,12.2,14.19,0.85,5.16,20260508
3679,新至陞,TWSE,120.5,14.19,1.61,7.47,20260508
2903,遠百,TWSE,22.15,14.2,1.0,5.64,20260508
6910,德鴻,TPEx,28.4,14.2,1.83,6.16,1150511
5878,台名,TPEx,40.65,14.21,1.91,5.9,1150511
1472,三洋實業,TWSE,91.2,14.25,2.08,6.58,20260508
8435,鉅邁,TPEx,55.7,14.25,2.22,5.75,1150511
6951,青新-創,TWSE,82.0,14.26,3.65,6.46,20260508
3630,新鉅科,TPEx,26.55,14.27,1.77,0.0,1150511
7708,全家餐飲,TPEx,92.2,14.27,2.27,5.97,1150511
8081,致新,TWSE,253.5,14.27,2.67,6.31,20260508
1616,億泰,TWSE,22.15,14.29,1.89,6.14,20260508
2347,聯強,TWSE,82.2,14.3,1.74,5.11,20260508
6419,京晨科,TPEx,137.0,14.3,3.95,1.97,1150511
8284,三竹,TPEx,64.1,14.31,2.12,6.24,1150511
4441,振大環球,TWSE,195.0,14.32,1.91,5.54,20260508
1565,精華,TPEx,100.0,14.33,0.8,5.8,1150511
6577,勁豐,TPEx,80.8,14.33,3.25,6.19,1150511
5864,致和證,TPEx,36.7,14.34,2.04,4.36,1150511
2207,和泰車,TWSE,487.0,14.35,3.15,4.11,20260508
2432,倚天酷碁-創,TWSE,27.6,14.38,1.55,6.16,20260508
4554,橙的,TPEx,30.5,14.39,1.58,6.56,1150511
6248,沛波,TPEx,19.3,14.4,0.88,6.08,1150511
1714,和桐,TWSE,9.23,14.42,0.71,1.95,20260508
2331,精英,TWSE,20.35,14.43,1.05,1.03,20260508
5706,鳳凰,TWSE,51.4,14.44,2.26,8.75,20260508
3029,零壹,TWSE,98.3,14.46,3.23,5.6,20260508
6620,漢達,TPEx,70.2,14.47,2.09,2.85,1150511
9910,豐泰,TWSE,73.8,14.47,2.82,5.56,20260508
6776,展碁國際,TWSE,58.3,14.5,2.02,5.15,20260508
6143,振曜,TPEx,97.6,14.57,3.12,6.15,1150511
2373,震旦行,TWSE,56.8,14.6,1.7,6.51,20260508
3014,聯陽,TWSE,135.5,14.65,3.63,6.27,20260508
4175,杏一,TPEx,53.9,14.65,1.46,5.57,1150511
2739,寒舍,TWSE,34.7,14.7,1.97,7.44,20260508
6997,博弘,TPEx,75.1,14.7,2.65,6.13,1150511
2377,微星,TWSE,100.0,14.71,1.55,4.2,20260508
6532,瑞耘,TPEx,107.5,14.71,3.16,2.79,1150511
6194,育富,TPEx,32.25,14.73,0.79,4.65,1150511
2949,欣新網,TPEx,53.5,14.74,1.48,3.74,1150511
2491,吉祥全,TWSE,21.1,14.76,1.86,,20260508
4746,台耀,TWSE,54.3,14.8,0.84,5.52,20260508
9930,中聯資源,TWSE,70.0,14.8,2.52,5.71,20260508
2385,群光,TWSE,134.0,14.81,2.2,5.37,20260508
4771,望隼,TWSE,187.5,14.81,2.75,3.73,20260508
6246,臺龍,TPEx,16.9,14.82,1.49,0.0,1150511
6235,華孚,TWSE,43.0,14.83,1.72,2.79,20260508
3413,京鼎,TWSE,315.5,14.85,2.1,3.48,20260508
7713,威力德生醫,TPEx,,14.85,2.49,5.95,1150511
8011,台通,TWSE,19.3,14.85,0.98,3.63,20260508
6191,精成科,TWSE,95.5,14.88,1.72,2.72,20260508
9942,茂順,TWSE,121.5,14.89,2.36,5.76,20260508
1593,祺驊,TPEx,32.5,14.91,0.97,6.15,1150511
1524,耿鼎,TWSE,29.1,14.92,1.6,4.81,20260508
2707,晶華,TWSE,170.5,14.92,5.25,6.3,20260508
1109,信大,TWSE,15.4,14.95,0.63,5.84,20260508
6498,久禾光,TPEx,97.4,14.96,2.94,4.62,1150511
6741,91APP*-KY,TPEx,65.9,14.98,2.37,3.03,1150511
2433,互盛電,TWSE,45.75,15.0,1.97,5.9,20260508
6161,捷波,TPEx,44.7,15.0,1.84,4.92,1150511
6899,創為精密,TPEx,54.0,15.0,1.25,5.19,1150511
6918,愛派司,TWSE,74.4,15.0,2.01,6.72,20260508
4104,佳醫,TWSE,70.6,15.02,1.32,6.09,20260508
3479,安勤,TPEx,97.1,15.05,2.08,4.74,1150511
4137,麗豐-KY,TWSE,107.5,15.08,1.68,9.3,20260508
3130,一零四,TWSE,222.0,15.09,4.3,6.62,20260508
8049,晶采,TPEx,25.65,15.09,1.32,5.46,1150511
3010,華立,TWSE,133.5,15.1,1.45,3.97,20260508
6914,阜爾運通,TWSE,145.0,15.1,2.6,5.52,20260508
3694,海華,TWSE,60.0,15.11,2.53,3.83,20260508
8342,益張,TPEx,88.0,15.12,2.67,5.68,1150511
1709,和益,TWSE,18.65,15.16,0.99,5.36,20260508
2063,世鎧,TPEx,26.15,15.2,1.37,5.74,1150511
7821,神數,TWSE,45.45,15.2,2.29,4.4,20260508
2364,倫飛,TWSE,63.9,15.21,3.99,4.69,20260508
6266,泰詠,TPEx,27.55,15.22,1.79,6.46,1150511
2608,嘉里大榮,TWSE,30.0,15.23,1.12,5.5,20260508
5312,寶島科,TPEx,97.6,15.23,1.57,6.66,1150511
6509,聚和,TPEx,43.7,15.23,1.64,3.2,1150511
6890,來億-KY,TWSE,154.0,15.23,1.55,5.84,20260508
2114,鑫永銓,TWSE,88.2,15.26,2.17,5.67,20260508
3492,長盛,TPEx,22.9,15.27,1.21,4.8,1150511
2884,玉山金,TWSE,32.5,15.33,1.93,4.31,20260508
2838,聯邦銀,TWSE,20.55,15.34,1.09,5.16,20260508
6201,亞弘電,TWSE,50.6,15.38,1.73,6.13,20260508
1537,廣隆,TWSE,122.5,15.41,2.29,5.88,20260508
3406,玉晶光,TWSE,506.0,15.41,2.15,3.36,20260508
9907,統一實,TWSE,17.1,15.41,1.21,6.9,20260508
9958,世紀鋼,TWSE,103.0,15.42,2.29,4.37,20260508
6242,立康,TPEx,37.7,15.45,1.36,5.31,1150511
2415,錩新,TWSE,28.0,15.47,1.49,5.68,20260508
3515,華擎,TWSE,245.5,15.49,2.69,4.48,20260508
7736,虎山,TWSE,76.7,15.49,1.6,4.95,20260508
8464,億豐,TWSE,343.0,15.53,3.68,4.66,20260508
4107,邦特,TPEx,121.0,15.55,2.32,4.55,1150511
6803,崑鼎,TPEx,287.0,15.56,2.95,5.51,1150511
6957,裕慶-KY,TWSE,159.5,15.59,3.31,5.64,20260508
8249,菱光,TWSE,49.65,15.61,0.88,4.23,20260508
2107,厚生,TWSE,26.1,15.63,0.59,5.36,20260508
4414,如興,TWSE,10.0,15.63,0.61,1.1,20260508
6486,互動,TPEx,83.3,15.63,2.43,7.2,1150511
1419,新紡,TWSE,64.3,15.64,1.1,2.8,20260508
2756,聯發國際,TPEx,61.5,15.65,2.58,5.37,1150511
8390,金益鼎,TPEx,103.5,15.68,2.73,3.67,1150511
9924,福興,TWSE,43.3,15.69,0.97,5.77,20260508
9943,好樂迪,TWSE,56.5,15.69,1.94,6.19,20260508
3171,炎洲流通,TPEx,67.6,15.72,2.91,6.24,1150511
4938,和碩,TWSE,84.4,15.72,1.09,4.74,20260508
6414,樺漢,TWSE,346.5,15.73,1.82,4.04,20260508
2015,豐興,TWSE,62.5,15.74,1.71,5.28,20260508
5410,國眾,TPEx,37.0,15.74,2.19,5.68,1150511
1737,臺鹽,TWSE,31.55,15.78,0.93,4.44,20260508
2892,第一金,TWSE,29.5,15.78,1.45,4.07,20260508
3501,維熹,TWSE,47.35,15.78,0.81,4.22,20260508
2543,皇昌,TWSE,42.2,15.81,2.25,11.85,20260508
6690,安碁資訊,TPEx,168.0,15.82,1.72,5.36,1150511
1342,八貫,TWSE,94.2,15.83,3.51,6.37,20260508
7770,君曜,TPEx,47.5,15.83,2.31,4.21,1150511
2596,綠意,TPEx,29.5,15.86,1.4,3.39,1150511
4440,宜新實業,TWSE,18.1,15.88,0.92,5.52,20260508
4148,全宇生技-KY,TWSE,36.25,15.9,0.89,2.76,20260508
6214,精誠,TWSE,125.5,15.91,1.87,4.78,20260508
3022,威強電,TWSE,73.7,15.92,1.16,4.75,20260508
6523,達爾膚,TPEx,99.1,15.93,3.31,10.09,1150511
1103,嘉泥,TWSE,13.4,15.95,0.49,4.1,20260508
1731,美吾華,TWSE,21.7,15.96,1.33,5.62,20260508
1734,杏輝,TWSE,30.65,15.96,1.69,5.22,20260508
5607,遠雄港,TWSE,51.9,15.97,1.68,3.47,20260508
1477,聚陽,TWSE,221.5,15.99,4.2,6.77,20260508
2393,億光,TWSE,73.7,16.02,1.64,6.11,20260508
4432,銘旺實,TPEx,14.1,16.02,0.49,2.84,1150511
3008,大立光,TWSE,2570.0,16.04,1.82,3.11,20260508
3257,虹冠電,TWSE,54.9,16.05,2.48,5.1,20260508
4173,久裕,TPEx,18.65,16.08,0.69,5.58,1150511
1558,伸興,TWSE,91.3,16.13,1.14,5.48,20260508
1712,興農,TWSE,41.95,16.13,2.06,5.96,20260508
8341,日友,TWSE,75.8,16.13,1.93,5.28,20260508
4995,晶達,TPEx,44.1,16.15,2.06,4.52,1150511
3592,瑞鼎,TWSE,258.5,16.16,1.82,5.65,20260508
3628,盈正,TPEx,67.4,16.16,1.93,4.82,1150511
2904,匯僑,TWSE,15.85,16.17,0.96,4.42,20260508
8272,全景軟體,TPEx,78.0,16.25,2.38,3.59,1150511
4580,捷流閥業,TPEx,81.8,16.26,1.39,4.89,1150511
3213,茂訊,TPEx,116.5,16.27,1.71,6.01,1150511
1788,杏昌,TPEx,135.0,16.3,1.97,5.19,1150511
4126,太醫,TPEx,79.6,16.31,1.88,5.65,1150511
3684,榮昌,TPEx,59.0,16.34,2.36,4.75,1150511
6924,榮惠-KY創,TWSE,94.0,16.38,3.37,5.32,20260508
8083,瑞穎,TPEx,174.5,16.38,4.64,5.73,1150511
9905,大華,TWSE,21.3,16.38,0.8,5.16,20260508
1229,聯華,TWSE,42.15,16.4,1.32,4.74,20260508
5530,龍巖,TPEx,45.1,16.4,0.66,0.0,1150511
8383,千附,TPEx,56.0,16.42,1.67,4.46,1150511
7805,威聯通,TPEx,732.0,16.43,3.07,5.46,1150511
2221,大甲,TPEx,38.0,16.45,1.51,3.95,1150511
1256,鮮活果汁-KY,TWSE,176.0,16.46,1.59,3.75,20260508
4588,玖鼎電力,TWSE,58.7,16.49,2.64,5.11,20260508
6482,弘煜科,TPEx,29.25,16.53,1.91,6.84,1150511
6412,群電,TWSE,86.0,16.54,2.38,4.3,20260508
2250,IKKA-KY,TWSE,63.5,16.58,1.1,4.72,20260508
1476,儒鴻,TWSE,344.0,16.64,3.43,4.36,20260508
3033,威健,TWSE,43.85,16.67,1.99,4.74,20260508
6123,上奇,TPEx,45.55,16.68,1.74,7.9,1150511
6206,飛捷,TWSE,119.0,16.69,3.07,4.62,20260508
1341,富林-KY,TWSE,62.1,16.74,2.54,6.44,20260508
3706,神達,TWSE,86.2,16.74,1.67,4.64,20260508
8213,志超,TWSE,38.0,16.74,0.64,3.0,20260508
2887,台新新光金,TWSE,23.8,16.76,1.29,4.62,20260508
2115,六暉-KY,TWSE,21.3,16.77,0.67,5.63,20260508
4974,亞泰,TPEx,74.4,16.79,1.7,5.24,1150511
5525,順天,TWSE,23.5,16.79,1.29,5.11,20260508
6115,鎰勝,TWSE,47.85,16.79,1.71,5.85,20260508
7705,三商餐飲,TWSE,32.3,16.82,1.38,4.95,20260508
9917,中保科,TWSE,114.0,16.84,3.71,5.44,20260508
3689,湧德,TPEx,124.5,16.85,2.83,2.94,1150511
2474,可成,TWSE,205.0,16.86,0.84,4.96,20260508
5016,松和,TPEx,25.3,16.87,0.84,3.95,1150511
2228,劍麟,TWSE,88.6,16.91,1.41,5.08,20260508
2897,王道銀行,TWSE,10.15,16.92,0.7,5.12,20260508
2890,永豐金,TWSE,31.0,16.94,1.76,4.19,20260508
5880,合庫金,TWSE,23.05,16.95,1.29,4.56,20260508
3231,緯創,TWSE,146.5,17.0,2.62,3.75,20260508
2886,兆豐金,TWSE,40.2,17.03,1.52,4.35,20260508
9925,新保,TWSE,40.4,17.05,1.19,4.95,20260508
3716,中化控股,TWSE,35.0,17.07,0.68,2.86,20260508
4129,聯合,TPEx,99.5,17.07,2.34,4.52,1150511
1232,大統益,TWSE,148.0,17.11,3.77,4.86,20260508
6666,羅麗芬-KY,TWSE,41.4,17.11,1.15,4.83,20260508
9908,大台北,TWSE,29.45,17.12,1.04,4.07,20260508
3168,眾福科,TWSE,45.9,17.13,2.14,6.54,20260508
5276,達輝-KY,TPEx,19.55,17.15,1.54,4.09,1150511
1294,漢田生技,TPEx,79.2,17.22,2.89,6.31,1150511
1339,昭輝,TWSE,41.6,17.26,0.76,6.01,20260508
6967,汎瑋材料,TPEx,76.0,17.31,2.4,4.87,1150511
2428,興勤,TWSE,190.5,17.32,2.08,3.1,20260508
6506,雙邦,TPEx,18.05,17.36,1.17,5.54,1150511
1733,五鼎,TWSE,28.35,17.39,1.52,4.59,20260508
2376,技嘉,TWSE,317.0,17.42,3.59,3.79,20260508
6669,緯穎,TWSE,5200.0,17.43,6.89,3.17,20260508
2453,凌群,TWSE,54.6,17.5,2.44,5.13,20260508
2836,高雄銀,TWSE,11.9,17.5,0.84,3.78,20260508
2382,廣達,TWSE,340.5,17.51,5.39,4.58,20260508
2439,美律,TWSE,86.2,17.52,1.29,4.64,20260508
6574,霈方,TPEx,119.5,17.52,2.94,2.51,1150511
6730,常廣,TPEx,37.5,17.52,1.79,4.0,1150511
2880,華南金,TWSE,33.3,17.53,1.96,4.35,20260508
6525,捷敏-KY,TWSE,106.5,17.55,3.13,4.69,20260508
1234,黑松,TWSE,35.2,17.6,0.75,4.69,20260508
8462,柏文,TWSE,148.0,17.62,4.97,4.99,20260508
5236,凌陽創新,TPEx,168.0,17.63,4.39,5.36,1150511
2480,敦陽科,TWSE,148.0,17.64,5.27,5.27,20260508
2743,山富,TPEx,69.6,17.66,2.77,4.6,1150511
8938,明安,TPEx,55.3,17.67,1.11,7.23,1150511
5902,德記,TPEx,38.2,17.69,2.7,4.32,1150511
2458,義隆,TWSE,151.5,17.76,4.2,4.67,20260508
3128,昇銳,TPEx,23.45,17.77,1.41,4.98,1150511
2948,寶陞,TPEx,38.1,17.8,1.14,5.91,1150511
5490,同亨,TPEx,28.55,17.84,1.86,5.25,1150511
2849,安泰銀,TWSE,14.1,17.85,0.76,2.7,20260508
1402,遠東新,TWSE,26.1,17.88,0.61,4.79,20260508
6472,保瑞,TWSE,419.0,17.88,3.47,2.39,20260508
8034,榮群,TPEx,25.4,17.89,1.98,4.72,1150511
5203,訊連,TWSE,65.6,17.92,1.09,5.49,20260508
6275,元山,TPEx,50.4,17.94,2.33,3.97,1150511
5434,崇越,TWSE,423.0,17.95,4.26,3.19,20260508
6189,豐藝,TWSE,49.0,17.95,2.08,5.51,20260508
8908,欣雄,TPEx,38.8,17.96,2.74,4.64,1150511
6613,朋億*,TPEx,240.5,17.99,3.51,4.16,1150511
6968,萬達寵物,TPEx,44.3,18.01,1.68,3.39,1150511
4205,中華食,TPEx,73.9,18.02,2.99,4.74,1150511
4506,崇友,TPEx,117.5,18.02,3.56,4.51,1150511
1623,大東電,TWSE,246.0,18.06,5.02,3.25,20260508
6884,海柏特,TPEx,33.9,18.13,1.97,4.42,1150511
6464,台數科,TWSE,76.2,18.14,1.21,2.27,20260508
6581,鋼聯,TWSE,110.0,18.15,3.04,4.82,20260508
4550,長佳,TPEx,24.35,18.17,0.97,5.01,1150511
2421,建準,TWSE,149.0,18.19,3.76,3.69,20260508
5009,榮剛,TPEx,40.15,18.25,1.29,2.99,1150511
3209,全科,TWSE,55.0,18.27,2.45,4.55,20260508
2705,六福,TWSE,15.9,18.28,0.61,,20260508
6104,創惟,TPEx,103.0,18.33,4.1,4.37,1150511
1522,堤維西,TWSE,32.1,18.34,1.09,3.74,20260508
6662,樂斯科,TPEx,30.45,18.34,1.7,5.09,1150511
3025,星通,TWSE,63.3,18.35,4.05,5.06,20260508
5904,寶雅,TPEx,577.0,18.35,9.62,4.42,1150511
8112,至上,TWSE,89.3,18.41,2.58,4.26,20260508
9926,新海,TWSE,49.35,18.41,2.09,4.26,20260508
2317,鴻海,TWSE,250.0,18.44,1.97,2.88,20260508
2640,大車隊,TPEx,166.5,18.48,4.5,4.8,1150511
2748,雲品,TWSE,40.1,18.48,1.4,4.36,20260508
4106,雃博,TWSE,22.2,18.5,0.89,4.5,20260508
4161,聿新科,TPEx,22.95,18.51,1.45,3.05,1150511
8016,矽創,TWSE,273.0,18.51,2.64,4.21,20260508
4707,磐亞,TPEx,16.5,18.54,1.07,3.03,1150511
3556,禾瑞亞,TPEx,54.2,18.56,3.05,3.6,1150511
2910,統領,TWSE,22.85,18.58,1.45,4.55,20260508
3402,漢科,TPEx,139.5,18.6,4.51,4.3,1150511
4911,德英,TPEx,34.25,18.61,2.31,5.74,1150511
8109,博大,TPEx,118.0,18.61,3.38,3.81,1150511
3705,永信,TWSE,55.3,18.62,1.93,5.42,20260508
4114,健喬,TPEx,31.0,18.67,1.78,5.32,1150511
3227,原相,TPEx,231.5,18.7,2.79,4.36,1150511
3287,廣寰科,TPEx,28.05,18.7,1.99,5.35,1150511
3332,幸康,TPEx,66.0,18.7,1.73,3.03,1150511
8454,富邦媒,TWSE,196.0,18.7,5.02,5.1,20260508
6629,泰金-KY,TPEx,121.0,18.73,2.72,5.12,1150511
1451,年興,TWSE,16.7,18.76,0.45,5.99,20260508
3152,璟德,TPEx,175.5,18.77,2.93,2.29,1150511
5215,科嘉-KY,TWSE,38.35,18.8,0.69,5.22,20260508
6284,佳邦,TPEx,82.0,18.81,1.6,2.32,1150511
3702,大聯大,TWSE,113.5,18.85,2.3,2.82,20260508
8916,光隆,TPEx,47.3,18.92,1.32,6.34,1150511
5353,台林,TPEx,26.15,18.95,1.4,3.82,1150511
2905,三商,TWSE,13.65,18.96,0.91,2.2,20260508
4526,東台,TWSE,34.5,18.96,1.81,2.9,20260508
3293,鈊象,TPEx,731.0,18.98,10.81,4.92,1150511
8433,弘帆,TPEx,54.5,18.99,1.3,7.71,1150511
6505,台塑化,TWSE,53.0,19.0,1.35,2.26,20260508
2498,宏達電,TWSE,39.35,19.01,1.21,,20260508
4433,興采,TPEx,20.15,19.01,0.63,4.96,1150511
4767,誠泰科技,TPEx,26.85,19.04,0.9,4.1,1150511
2542,興富發,TWSE,40.0,19.05,1.6,10.0,20260508
6667,信紘科,TPEx,262.5,19.06,4.86,4.46,1150511
2701,萬企,TWSE,10.7,19.11,0.58,2.62,20260508
8068,全達,TPEx,23.5,19.11,1.68,0.0,1150511
8032,光菱,TPEx,41.95,19.16,0.98,2.86,1150511
6904,伯鑫,TPEx,116.0,19.17,2.01,4.31,1150511
3537,堡達,TPEx,48.15,19.18,2.12,4.15,1150511
4163,鐿鈦,TPEx,98.4,19.18,1.83,3.56,1150511
4401,東隆興,TPEx,14.0,19.18,0.64,4.29,1150511
6585,鼎基,TWSE,94.0,19.18,1.83,4.79,20260508
3357,臺慶科,TPEx,186.5,19.19,2.16,2.79,1150511
5007,三星,TWSE,58.0,19.21,2.38,5.17,20260508
1525,江申,TWSE,61.7,19.22,0.9,4.54,20260508
2706,第一店,TWSE,12.5,19.23,0.62,2.8,20260508
2032,新鋼,TWSE,16.55,19.24,1.23,3.02,20260508
5508,永信建,TPEx,49.75,19.28,2.05,5.58,1150511
1417,嘉裕,TWSE,8.71,19.36,0.71,2.87,20260508
4766,南寶,TWSE,392.0,19.36,3.43,4.59,20260508
2362,藍天,TWSE,39.9,19.37,0.53,5.01,20260508
2945,三商家購,TWSE,41.45,19.37,1.4,3.62,20260508
2441,超豐,TWSE,90.5,19.38,2.04,3.31,20260508
6936,永鴻生技,TWSE,34.3,19.38,1.85,4.4,20260508
5269,祥碩,TWSE,1410.0,19.43,2.92,3.19,20260508
1336,台翰,TPEx,13.8,19.44,0.58,1.88,1150511
6856,鑫傳,TPEx,51.0,19.47,1.86,5.88,1150511
8069,元太,TPEx,178.0,19.47,2.99,3.31,1150511
9933,中鼎,TWSE,36.8,19.47,1.62,2.72,20260508
1808,潤隆,TWSE,28.45,19.49,1.98,5.27,20260508
6469,大樹,TPEx,73.5,19.5,3.09,5.12,1150511
2243,宏旭-KY,TWSE,23.8,19.51,2.05,,20260508
8487,愛爾達-創,TWSE,78.7,19.53,3.12,6.11,20260508
2450,神腦,TWSE,29.9,19.54,1.26,5.18,20260508
2613,中櫃,TWSE,22.3,19.56,0.93,4.48,20260508
1513,中興電,TWSE,158.0,19.58,3.78,3.8,20260508
6146,耕興,TPEx,213.5,19.61,3.54,5.62,1150511
2409,友達,TWSE,17.85,19.62,0.89,2.24,20260508
5013,強新,TPEx,28.45,19.62,1.0,2.46,1150511
6416,瑞祺電通,TWSE,84.5,19.65,1.72,3.31,20260508
7631,聚賢研發-創,TWSE,123.5,19.67,2.96,3.03,20260508
6184,大豐電,TWSE,46.7,19.7,1.54,6.42,20260508
3260,威剛,TPEx,457.0,19.72,6.26,3.72,1150511
1225,福懋油,TWSE,32.0,19.75,1.98,3.13,20260508
8403,盛弘,TPEx,20.35,19.76,0.81,2.95,1150511
5465,富驊,TPEx,25.5,19.77,1.57,4.71,1150511
1216,統一,TWSE,73.2,19.78,2.87,4.1,20260508
2762,世界健身-KY,TWSE,74.0,19.79,2.79,8.04,20260508
4571,鈞興-KY,TWSE,190.0,19.81,3.12,2.79,20260508
8110,華東,TWSE,48.55,19.82,2.03,3.09,20260508
8923,時報,TPEx,,19.9,1.26,4.71,1150511
5489,彩富,TPEx,40.05,19.93,1.7,3.75,1150511
4153,鈺緯,TPEx,30.7,19.94,1.92,6.51,1150511
9960,邁達康,TPEx,34.95,19.97,1.8,4.43,1150511
8409,商之器,TPEx,19.6,20.0,1.97,0.0,1150511
6245,立端,TPEx,81.3,20.02,1.88,4.67,1150511
8926,台汽電,TWSE,49.1,20.04,2.27,4.91,20260508
6263,普萊德,TPEx,168.0,20.19,5.96,4.64,1150511
1907,永豐餘,TWSE,24.05,20.21,0.53,4.16,20260508
4551,智伸科,TWSE,135.0,20.24,1.74,3.11,20260508
3147,大綜,TPEx,181.0,20.27,4.93,3.59,1150511
4951,精拓科,TPEx,121.5,20.32,4.2,3.7,1150511
3310,佳穎,TPEx,69.0,20.35,2.67,5.07,1150511
4568,科際精密,TPEx,40.95,20.37,1.18,4.88,1150511
7732,金興精密,TWSE,35.85,20.37,1.25,4.18,20260508
4961,天鈺,TWSE,170.0,20.38,1.16,4.54,20260508
5299,杰力,TPEx,98.5,20.39,1.58,3.72,1150511
3034,聯詠,TWSE,498.0,20.41,4.21,4.62,20260508
6409,旭隼,TWSE,821.0,20.45,7.54,4.51,20260508
7714,創泓科技,TPEx,129.5,20.46,4.9,3.86,1150511
2356,英業達,TWSE,49.55,20.48,2.33,4.04,20260508
4438,廣越,TWSE,58.3,20.53,0.77,3.95,20260508
1725,元禎,TWSE,31.45,20.56,0.86,3.4,20260508
3038,全台,TWSE,22.85,20.59,1.3,5.25,20260508
2885,元大金,TWSE,56.5,20.62,2.21,3.89,20260508
2755,揚秦,TPEx,133.0,20.65,4.67,4.51,1150511
2379,瑞昱,TWSE,592.0,20.68,5.85,4.22,20260508
6208,日揚,TPEx,78.7,20.71,2.4,2.54,1150511
5493,三聯,TPEx,86.6,20.72,1.86,3.12,1150511
3054,立萬利,TWSE,70.4,20.77,4.23,1.14,20260508
4162,智擎,TPEx,56.1,20.78,1.64,3.57,1150511
1532,勤美,TWSE,20.65,20.86,0.57,3.87,20260508
3311,閎暉,TWSE,32.4,20.9,0.87,1.85,20260508
6138,茂達,TPEx,285.0,20.91,6.2,3.86,1150511
6843,進典,TPEx,46.05,20.93,1.78,4.34,1150511
3019,亞光,TWSE,144.0,20.99,2.82,3.19,20260508
4535,至興,TPEx,27.3,21.0,0.83,2.93,1150511
2478,大毅,TWSE,78.1,21.05,1.53,2.33,20260508
2353,宏碁,TWSE,27.8,21.06,1.15,4.68,20260508
3652,精聯,TWSE,29.5,21.07,1.18,4.07,20260508
3048,益登,TWSE,42.4,21.09,2.05,2.36,20260508
3306,鼎天,TPEx,46.4,21.09,0.72,3.66,1150511
2404,漢唐,TWSE,1015.0,21.11,10.28,3.94,20260508
6651,全宇昕,TPEx,133.5,21.12,3.62,3.0,1150511
2912,統一超,TWSE,232.0,21.15,5.19,3.88,20260508
5388,中磊,TWSE,85.1,21.22,1.6,2.94,20260508
6534,正瀚-創,TWSE,95.8,21.24,3.67,5.01,20260508
1568,倉佑,TWSE,28.9,21.25,1.57,3.46,20260508
6197,佳必琪,TWSE,218.5,21.32,5.84,3.2,20260508
2105,正新,TWSE,32.1,21.4,1.2,5.61,20260508
2524,京城,TWSE,36.85,21.42,0.64,,20260508
6435,大中,TPEx,231.5,21.47,4.55,3.24,1150511
3266,昇陽,TWSE,13.75,21.48,0.76,3.64,20260508
2324,仁寶,TWSE,29.65,21.49,0.98,3.71,20260508
4503,金雨,TPEx,47.0,21.56,2.2,0.0,1150511
6117,迎廣,TWSE,80.7,21.58,3.37,2.69,20260508
6614,資拓宏宇,TWSE,41.0,21.58,2.05,4.02,20260508
8261,富鼎,TWSE,126.0,21.58,2.45,3.97,20260508
8482,商億-KY,TWSE,50.0,21.65,1.71,3.92,20260508
3669,圓展,TWSE,39.5,21.7,1.14,2.53,20260508
2545,皇翔,TWSE,38.95,21.76,0.99,7.19,20260508
3673,TPK-KY,TWSE,59.0,21.77,0.61,3.05,20260508
8422,可寧衛*,TWSE,27.9,21.8,3.76,4.3,20260508
1227,佳格,TWSE,29.05,21.84,1.42,4.61,20260508
1609,大亞,TWSE,36.05,21.85,1.65,1.94,20260508
3004,豐達科,TWSE,117.0,21.91,2.07,2.18,20260508
4770,上品,TWSE,223.5,21.91,2.17,2.68,20260508
2633,台灣高鐵,TWSE,26.55,21.94,2.0,4.33,20260508
7765,中華資安,TWSE,243.5,21.96,4.51,3.97,20260508
4541,晟田,TPEx,45.7,21.97,1.86,3.06,1150511
8349,恒耀,TPEx,42.4,21.97,1.23,3.54,1150511
1617,榮星,TWSE,15.05,22.13,1.09,3.99,20260508
3526,凡甲,TPEx,388.0,22.16,7.12,4.34,1150511
5521,工信,TWSE,11.55,22.21,1.01,1.3,20260508
6148,驊宏資,TPEx,30.2,22.21,2.32,4.07,1150511
6015,宏遠證,TPEx,16.9,22.24,1.19,3.25,1150511
6561,是方,TPEx,353.0,22.27,9.13,4.02,1150511
2511,太子,TWSE,7.81,22.31,0.49,3.84,20260508
1515,力山,TWSE,21.95,22.4,1.03,2.73,20260508
6925,意藍,TPEx,63.9,22.42,3.41,3.13,1150511
1540,喬福,TWSE,20.9,22.47,1.19,4.78,20260508
2423,固緯,TWSE,65.7,22.5,3.22,3.81,20260508
6862,三集瑞-KY,TWSE,187.0,22.56,3.13,2.67,20260508
3088,艾訊,TPEx,128.0,22.61,2.71,2.34,1150511
1529,樂事綠能,TWSE,22.9,22.67,1.96,4.37,20260508
1231,聯華食,TWSE,86.5,22.7,3.56,2.89,20260508
4966,譜瑞-KY,TPEx,735.0,22.71,2.54,2.4,1150511
5292,華懋,TWSE,226.0,22.76,4.95,2.88,20260508
2605,新興,TWSE,33.05,22.79,1.11,3.03,20260508
4155,訊映,TWSE,13.05,22.89,0.75,2.3,20260508
6183,關貿,TWSE,92.7,22.89,4.64,3.83,20260508
6277,宏正,TWSE,70.5,22.89,1.74,4.96,20260508
9937,全國,TWSE,57.1,22.93,2.94,3.85,20260508
2303,聯電,TWSE,91.3,22.94,2.82,2.85,20260508
6278,台表科,TWSE,201.0,22.95,2.61,2.74,20260508
1413,宏洲,TWSE,9.65,22.98,1.14,,20260508
1217,愛之味,TWSE,9.66,23.0,0.61,2.59,20260508
6908,宏碁遊戲-創,TWSE,40.1,23.05,1.18,3.09,20260508
3045,台灣大,TWSE,110.0,23.06,3.86,4.36,20260508
8048,德勝,TPEx,61.8,23.15,3.05,3.72,1150511
6865,偉康科技,TPEx,35.3,23.22,1.41,3.97,1150511
2889,國票金,TWSE,14.65,23.25,1.15,4.03,20260508
6606,建德工業,TWSE,25.35,23.26,1.72,4.06,20260508
3379,彬台,TPEx,36.6,23.31,2.22,3.28,1150511
3044,健鼎,TWSE,481.0,23.37,4.34,2.64,20260508
3013,晟銘電,TWSE,107.0,23.46,3.99,0.75,20260508
3206,志豐,TPEx,39.05,23.52,1.44,3.84,1150511
6139,亞翔,TWSE,714.0,23.52,8.63,3.22,20260508
5278,尚凡*,TPEx,22.6,23.54,1.76,5.34,1150511
6292,迅德,TPEx,55.8,23.54,2.44,3.23,1150511
1904,正隆,TWSE,17.45,23.58,0.66,2.58,20260508
8255,朋程,TPEx,149.0,23.58,1.92,2.35,1150511
8917,欣泰,TPEx,52.7,23.63,3.14,3.98,1150511
3090,日電貿,TWSE,113.5,23.65,1.85,4.23,20260508
5289,宜鼎,TPEx,1760.0,23.67,11.69,0.97,1150511
3023,信邦,TWSE,302.5,23.69,4.15,3.31,20260508
1443,立益物流,TWSE,26.8,23.72,1.58,,20260508
2704,國賓,TWSE,42.5,23.74,0.59,1.18,20260508
1773,勝一,TWSE,172.5,23.79,4.36,2.32,20260508
3006,晶豪科,TWSE,202.0,24.02,4.4,0.5,20260508
3416,融程電,TWSE,175.5,24.04,4.35,2.91,20260508
3290,東浦,TPEx,48.6,24.06,1.98,3.09,1150511
3605,宏致,TWSE,83.3,24.08,1.71,2.02,20260508
8099,大世科,TPEx,61.0,24.11,3.62,3.44,1150511
7703,銳澤,TPEx,210.5,24.14,3.41,3.33,1150511
4721,美琪瑪,TPEx,95.1,24.2,5.42,2.42,1150511
1614,三洋電,TWSE,32.0,24.24,1.49,3.03,20260508
2375,凱美,TWSE,90.4,24.24,1.0,1.33,20260508
3483,力致,TPEx,90.9,24.3,1.8,3.3,1150511
1203,味王,TWSE,44.0,24.31,1.64,2.27,20260508
5243,乙盛-KY,TWSE,107.0,24.32,2.19,2.06,20260508
5483,中美晶,TPEx,163.5,24.37,2.03,2.14,1150511
2729,瓦城,TPEx,165.0,24.41,2.88,4.12,1150511
6799,來頡,TWSE,88.9,24.49,2.42,2.81,20260508
2408,南亞科,TWSE,274.0,24.53,4.4,0.55,20260508
1605,華新,TWSE,33.75,24.64,0.91,1.48,20260508
8423,保綠-KY,TPEx,18.0,24.66,1.21,3.89,1150511
6965,中傑-KY,TWSE,84.7,24.69,1.1,5.9,20260508
2947,振宇五金,TPEx,78.4,24.73,2.12,3.95,1150511
3447,展達,TWSE,39.4,24.78,2.36,2.79,20260508
8942,森鉅,TPEx,45.4,24.81,0.94,2.2,1150511
2030,彰源,TWSE,16.4,24.85,0.9,3.05,20260508
3036,文曄,TWSE,240.5,24.85,2.86,3.24,20260508
6753,龍德造船,TWSE,145.0,24.87,3.62,0.86,20260508
4109,加捷生醫,TPEx,11.45,24.89,0.81,1.75,1150511
6725,矽科宏晟,TPEx,324.0,24.96,4.93,2.16,1150511
6844,諾貝兒,TPEx,64.9,24.96,0.78,6.16,1150511
3426,台興,TPEx,47.7,24.97,1.61,0.0,1150511
2497,怡利電,TWSE,60.7,24.98,3.04,3.29,20260508
3015,全漢,TWSE,50.7,24.98,0.8,4.34,20260508
5533,皇鼎,TWSE,14.05,25.09,0.42,4.27,20260508
6154,順發,TPEx,12.8,25.1,0.82,3.98,1150511
4904,遠傳,TWSE,95.9,25.17,3.75,3.97,20260508
4116,明基醫,TPEx,38.9,25.26,1.66,5.14,1150511
6270,倍微,TPEx,27.3,25.28,0.84,3.66,1150511
3028,增你強,TWSE,79.8,25.33,3.0,3.76,20260508
2472,立隆電,TWSE,221.5,25.37,4.01,1.58,20260508
6150,撼訊,TPEx,66.8,25.4,2.03,0.9,1150511
8043,蜜望實,TPEx,84.7,25.44,2.41,1.06,1150511
6792,詠業,TWSE,56.8,25.47,1.75,4.4,20260508
3051,力特,TWSE,26.0,25.49,1.73,1.92,20260508
2397,友通,TWSE,59.2,25.52,2.1,4.14,20260508
8299,群聯,TPEx,2670.0,25.54,7.96,0.87,1150511
6175,立敦,TPEx,68.6,25.6,2.55,2.19,1150511
2476,鉅祥,TWSE,112.0,25.63,2.63,2.68,20260508
8176,智捷,TPEx,10.25,25.63,1.24,0.0,1150511
1259,安心,TPEx,57.5,25.67,0.73,2.09,1150511
6449,鈺邦,TWSE,183.0,25.67,3.47,2.3,20260508
2436,偉詮電,TWSE,72.0,25.71,3.43,2.78,20260508
2611,志信,TWSE,13.4,25.77,0.93,3.88,20260508
6642,富致,TPEx,64.3,25.82,2.34,2.8,1150511
6546,正基,TPEx,68.8,25.86,2.36,3.63,1150511
2483,百容,TWSE,23.8,25.87,0.99,1.26,20260508
8072,陞泰,TWSE,28.75,25.9,1.0,3.48,20260508
6411,晶焱,TPEx,82.4,25.91,1.62,2.7,1150511
6922,宸曜,TPEx,179.0,25.94,4.64,2.7,1150511
6873,泓德能源,TWSE,91.9,26.03,1.26,2.72,20260508
6719,力智,TWSE,187.0,26.04,1.38,2.46,20260508
3551,世禾,TPEx,218.0,26.08,2.75,2.2,1150511
6112,邁達特,TWSE,44.35,26.09,2.08,3.72,20260508
6196,帆宣,TWSE,410.0,26.11,5.17,1.59,20260508
1786,科妍,TWSE,56.8,26.18,2.15,3.36,20260508
5703,亞都,TPEx,13.9,26.23,1.87,0.0,1150511
6962,奕力-KY,TWSE,38.3,26.23,0.93,2.61,20260508
8103,瀚荃,TWSE,116.0,26.3,2.34,2.41,20260508
6732,昇佳電子,TPEx,167.0,26.34,2.0,3.29,1150511
2906,高林,TWSE,12.4,26.38,0.78,4.84,20260508
3031,佰鴻,TWSE,29.55,26.38,1.8,3.38,20260508
1434,福懋,TWSE,15.85,26.42,0.59,3.15,20260508
3312,弘憶股,TWSE,41.75,26.42,1.95,3.11,20260508
6691,洋基工程,TWSE,654.0,26.42,10.39,3.36,20260508
6239,力成,TWSE,222.0,26.43,2.81,2.03,20260508
6417,韋僑,TPEx,138.5,26.48,3.27,1.73,1150511
3388,崇越電,TPEx,110.0,26.51,1.77,3.18,1150511
2065,世豐,TPEx,32.35,26.52,1.17,4.64,1150511
9918,欣天然,TWSE,42.8,26.58,2.3,3.5,20260508
3191,雲嘉南,TPEx,13.65,26.76,2.35,0.0,1150511
7712,博盛半導體,TPEx,147.5,26.77,2.46,2.71,1150511
6870,騰雲,TPEx,190.0,26.84,3.78,2.76,1150511
6569,醫揚,TPEx,99.6,26.85,2.43,3.01,1150511
7547,碩網,TPEx,71.2,26.87,2.44,2.53,1150511
2312,金寶,TWSE,27.95,26.88,1.85,2.15,20260508
6874,倍力,TPEx,85.0,26.9,3.91,4.71,1150511
6271,同欣電,TWSE,181.5,26.93,1.44,1.65,20260508
6788,華景電,TPEx,467.5,26.93,6.47,3.21,1150511
2329,華泰,TWSE,59.7,27.01,3.44,1.68,20260508
2029,盛餘,TWSE,20.1,27.16,0.64,2.99,20260508
4935,茂林-KY,TWSE,37.25,27.19,0.59,2.68,20260508
5903,全家,TPEx,189.5,27.23,5.14,3.43,1150511
4924,欣厚-KY,TPEx,10.35,27.24,1.03,0.0,1150511
6923,中台,TWSE,83.0,27.3,2.92,3.61,20260508
2412,中華電,TWSE,136.5,27.35,2.74,3.81,20260508
6188,廣明,TPEx,84.8,27.35,1.89,3.77,1150511
8931,大汽電,TPEx,41.6,27.37,2.42,3.85,1150511
4164,承業醫,TWSE,28.5,27.4,0.75,3.86,20260508
2402,毅嘉,TWSE,68.0,27.76,2.82,2.94,20260508
8499,鼎炫-KY,TWSE,282.0,27.78,1.42,2.84,20260508
2380,虹光,TWSE,5.6,28.0,2.17,,20260508
7704,明遠精密,TPEx,58.3,28.16,1.7,3.09,1150511
2374,佳能,TWSE,78.5,28.24,2.96,2.29,20260508
6712,長聖,TPEx,138.5,28.38,7.95,2.89,1150511
8042,金山電,TPEx,88.9,28.4,2.73,1.35,1150511
1806,冠軍,TWSE,8.25,28.45,0.61,1.82,20260508
2538,基泰,TWSE,9.96,28.46,0.78,7.03,20260508
5439,高技,TPEx,391.0,28.46,9.21,1.84,1150511
1464,得力,TWSE,10.0,28.57,0.81,2.5,20260508
4728,雙美,TPEx,381.0,28.58,12.83,3.18,1150511
1521,大億,TWSE,24.9,28.62,1.02,3.01,20260508
2468,華經,TWSE,35.8,28.64,1.96,2.79,20260508
1470,大統新創,TWSE,22.55,28.91,1.91,2.88,20260508
3042,晶技,TWSE,154.0,29.0,3.29,3.12,20260508
4590,富田-創,TWSE,78.6,29.0,1.22,2.93,20260508
1760,寶齡富錦,TWSE,64.4,29.01,2.82,3.11,20260508
8940,新天地,TWSE,18.3,29.05,1.45,,20260508
6261,久元,TPEx,121.0,29.09,2.38,2.07,1150511
2354,鴻準,TWSE,61.4,29.1,0.81,2.44,20260508
6136,富爾特,TWSE,25.95,29.16,0.94,4.47,20260508
6664,群翊,TPEx,439.5,29.18,6.29,2.32,1150511
4905,台聯電,TPEx,80.7,29.24,0.82,1.86,1150511
6791,虎門科技,TPEx,122.0,29.33,5.21,2.87,1150511
2754,亞洲藏壽司,TPEx,69.0,29.36,1.85,1.16,1150511
1474,弘裕,TWSE,10.05,29.56,0.61,2.49,20260508
4166,友霖,TPEx,26.7,29.67,2.53,0.0,1150511
6716,應廣,TPEx,104.0,29.71,4.2,1.54,1150511
4930,燦星網,TWSE,17.85,29.75,0.44,3.36,20260508
1219,福壽,TWSE,13.4,29.78,1.0,3.73,20260508
6597,立誠,TPEx,75.0,29.88,2.69,1.33,1150511
2492,華新科,TWSE,156.0,29.89,1.41,1.54,20260508
2301,光寶科,TWSE,204.0,30.0,5.25,2.45,20260508
3577,泓格,TPEx,92.1,30.0,3.97,2.17,1150511
2645,長榮航太,TWSE,164.0,30.04,4.53,3.05,20260508
6913,鴻呈,TPEx,130.5,30.07,3.66,1.92,1150511
6689,伊雲谷,TWSE,69.5,30.09,1.59,2.88,20260508
2201,裕隆,TWSE,27.75,30.16,0.47,2.02,20260508
2493,揚博,TWSE,131.5,30.16,5.14,3.04,20260508
2070,精湛,TPEx,69.5,30.22,2.6,2.16,1150511
8102,傑霖科技,TPEx,68.1,30.27,3.79,1.47,1150511
2103,台橡,TWSE,20.3,30.3,0.82,1.33,20260508
4549,桓達,TPEx,101.0,30.42,3.0,3.17,1150511
3624,光頡,TPEx,63.0,30.43,2.07,1.75,1150511
6133,金橋,TWSE,21.95,30.49,1.61,4.56,20260508
6761,穩得,TPEx,210.0,30.52,4.46,2.86,1150511
3135,凌航,TWSE,177.0,30.62,6.43,2.66,20260508
1702,南僑,TWSE,34.35,30.67,0.71,4.66,20260508
3704,合勤控,TWSE,35.3,30.7,1.22,1.13,20260508
5284,jpp-KY,TWSE,360.0,30.8,5.15,1.39,20260508
3324,雙鴻,TPEx,1070.0,30.88,7.42,1.12,1150511
3567,逸昌,TPEx,29.35,30.89,1.72,3.41,1150511
6684,安格,TPEx,48.5,30.89,1.34,0.0,1150511
6894,衛司特,TPEx,339.5,30.89,5.13,2.5,1150511
1201,味全,TWSE,12.4,31.0,0.82,1.69,20260508
2101,南港,TWSE,34.5,31.08,1.98,2.03,20260508
7642,昶瑞機電,TPEx,72.0,31.17,2.34,4.17,1150511
6944,兆聯實業,TWSE,964.0,31.18,9.21,2.07,20260508
3308,聯德,TWSE,21.25,31.25,1.14,,20260508
7842,天能綠電,TPEx,125.5,31.3,4.23,2.55,1150511
6931,青松健康,TWSE,43.6,31.37,2.52,1.1,20260508
3555,博士旺,TPEx,218.0,31.41,11.31,0.0,1150511
5536,聖暉*,TPEx,896.0,31.53,8.47,2.23,1150511
6257,矽格,TWSE,211.0,31.54,4.67,1.99,20260508
3265,台星科,TPEx,180.5,31.67,4.08,2.27,1150511
2344,華邦電,TWSE,107.0,31.75,4.13,0.47,20260508
2235,謚源,TPEx,30.3,31.89,0.88,4.95,1150511
2481,強茂,TWSE,99.5,31.89,2.59,1.81,20260508
1582,信錦,TWSE,87.8,31.93,1.68,3.42,20260508
3059,華晶科,TWSE,39.35,31.99,1.21,2.54,20260508
2489,瑞軒,TWSE,41.6,32.0,1.9,2.88,20260508
2537,聯上發,TWSE,10.25,32.03,0.68,,20260508
4907,富宇,TPEx,39.45,32.07,1.89,3.8,1150511
3530,晶相光,TWSE,65.2,32.12,2.03,1.23,20260508
6290,良維,TPEx,275.5,32.15,6.19,2.25,1150511
6781,AES-KY,TWSE,1230.0,32.2,6.25,1.55,20260508
8240,華宏,TPEx,70.2,32.2,1.54,1.85,1150511
1723,中碳,TWSE,79.9,32.22,2.3,2.32,20260508
1503,士電,TWSE,202.5,32.3,2.91,2.47,20260508
8476,台境*,TWSE,17.15,32.36,1.54,1.17,20260508
6579,研揚,TWSE,135.0,32.37,2.3,2.78,20260508
2355,敬鵬,TWSE,51.8,32.38,1.19,1.93,20260508
7747,昕奇雲端,TPEx,131.0,32.43,3.67,3.05,1150511
1504,東元,TWSE,72.8,32.5,1.86,2.75,20260508
1735,日勝化,TWSE,25.4,32.56,1.63,2.56,20260508
6516,勤崴國際,TPEx,58.6,32.56,3.17,3.99,1150511
2495,普安,TWSE,36.8,32.57,2.19,2.17,20260508
5474,聰泰,TPEx,164.5,32.57,3.47,2.43,1150511
6548,長科*,TPEx,53.7,32.74,4.39,2.51,1150511
2515,中工,TWSE,13.1,32.75,0.93,3.82,20260508
6933,AMAX-KY,TWSE,165.0,32.8,3.05,1.52,20260508
6438,迅得,TWSE,170.5,32.98,2.61,2.93,20260508
5381,光譜,TPEx,23.8,33.06,2.19,0.0,1150511
6276,安鈦克,TPEx,30.5,33.15,2.92,0.0,1150511
3169,亞信,TPEx,116.5,33.19,3.85,2.75,1150511
2328,廣宇,TWSE,51.8,33.21,1.8,1.74,20260508
8131,福懋科,TWSE,65.9,33.28,2.31,1.52,20260508
8088,品安,TPEx,56.7,33.35,3.13,2.65,1150511
3164,景岳,TWSE,17.4,33.46,1.16,4.6,20260508
4946,辣椒,TPEx,105.5,33.6,12.85,0.0,1150511
6151,晉倫,TPEx,39.0,33.62,2.18,3.85,1150511
3030,德律,TWSE,389.5,33.72,8.79,1.8,20260508
2327,國巨*,TWSE,389.0,33.86,4.68,1.54,20260508
8091,翔名,TPEx,200.0,33.96,2.89,2.25,1150511
7744,崴寶,TPEx,553.0,33.97,7.26,1.27,1150511
6863,永道-KY,TWSE,103.0,34.33,1.3,1.46,20260508
2108,南帝,TWSE,28.5,34.34,0.97,3.51,20260508
2449,京元電子,TWSE,311.0,34.52,7.54,0.48,20260508
3546,宇峻,TPEx,68.0,34.52,2.62,3.68,1150511
2330,台積電,TWSE,2290.0,34.57,10.96,0.96,20260508
6770,力積電,TWSE,61.4,34.69,2.7,,20260508
6570,維田,TPEx,44.9,34.81,2.05,2.45,1150511
3264,欣銓,TPEx,225.5,34.96,5.28,1.86,1150511
6517,保勝光學,TPEx,57.0,34.97,2.6,2.63,1150511
2066,世德,TPEx,47.0,35.07,0.98,6.42,1150511
4413,飛寶企業,TPEx,18.6,35.09,1.67,1.61,1150511
7743,金利食安,TPEx,20.0,35.09,1.13,2.5,1150511
6953,家碩,TPEx,281.0,35.17,5.23,2.14,1150511
4720,德淵,TWSE,26.05,35.2,1.83,1.54,20260508
6655,科定,TWSE,138.5,35.33,4.29,8.66,20260508
6259,百徽,TPEx,24.8,35.43,1.76,1.41,1150511
3441,聯一光,TPEx,40.55,35.57,1.95,2.1,1150511
1527,鑽全,TWSE,32.4,35.6,0.92,4.63,20260508
6906,現觀科,TWSE,67.7,35.63,3.0,2.66,20260508
5426,振發,TPEx,18.55,35.67,1.19,1.62,1150511
7740,熙特爾-創,TWSE,170.5,35.74,7.17,1.95,20260508
1590,亞德客-KY,TWSE,1505.0,35.83,5.72,1.9,20260508
9921,巨大,TWSE,66.0,35.87,0.76,2.73,20260508
1473,台南,TWSE,20.65,36.23,0.79,2.42,20260508
7792,安葆,TPEx,316.0,36.24,5.2,2.53,1150511
8086,宏捷科,TPEx,162.0,36.4,3.88,1.04,1150511
6285,啟碁,TWSE,247.5,36.5,3.42,1.74,20260508
5604,中連,TPEx,31.4,36.94,1.62,6.37,1150511
6190,萬泰科,TPEx,80.9,36.94,3.76,2.47,1150511
2395,研華,TWSE,476.5,36.97,8.34,2.35,20260508
6220,岳豐,TPEx,30.0,37.04,1.39,2.33,1150511
3317,尼克森,TPEx,68.2,37.07,1.9,0.73,1150511
4760,勤凱,TPEx,279.5,37.07,9.0,1.68,1150511
6166,凌華,TWSE,87.3,37.15,3.39,1.37,20260508
3219,倚強科,TPEx,75.5,37.19,3.74,1.81,1150511
2527,宏璟,TWSE,34.65,37.26,0.53,4.33,20260508
7810,捷創科技,TPEx,233.0,37.28,4.98,2.15,1150511
8928,鉅明,TPEx,21.3,37.37,1.0,3.76,1150511
1514,亞力,TWSE,123.5,37.42,5.28,1.78,20260508
3540,曜越,TPEx,27.7,37.43,1.12,1.08,1150511
3693,營邦,TPEx,582.0,37.55,4.8,1.37,1150511
4755,三福化,TWSE,139.0,37.57,2.66,2.66,20260508
7722,LINEPAY,TWSE,280.5,37.6,1.77,0.71,20260508
6672,騰輝電子-KY,TWSE,208.0,37.61,4.0,1.61,20260508
3289,宜特,TPEx,181.5,37.73,3.36,2.46,1150511
7556,意德士,TPEx,270.0,38.03,5.64,1.7,1150511
4916,事欣科,TWSE,62.0,38.04,2.51,0.81,20260508
5438,東友,TPEx,19.4,38.04,0.66,3.87,1150511
5210,寶碩,TPEx,27.8,38.08,2.85,0.0,1150511
6903,巨漢,TPEx,405.0,38.14,8.16,2.1,1150511
1903,士紙,TWSE,49.3,38.22,2.32,,20260508
3305,昇貿,TWSE,115.0,38.33,2.83,2.0,20260508
1233,天仁,TWSE,28.8,38.4,1.93,0.69,20260508
1732,毛寶,TWSE,26.5,38.41,2.24,2.26,20260508
3533,嘉澤,TWSE,2700.0,38.42,7.86,1.3,20260508
3296,勝德,TWSE,23.45,38.44,1.8,,20260508
6955,邦睿生技-創,TWSE,159.0,38.5,6.15,1.89,20260508
1512,瑞利,TWSE,7.35,38.68,1.1,,20260508
5425,台半,TPEx,80.3,38.79,2.57,2.49,1150511
2363,矽統,TWSE,59.4,38.82,1.67,1.01,20260508
4950,金耘國際,TPEx,16.7,38.84,1.82,0.0,1150511
2867,三商壽,TWSE,7.83,39.15,1.14,,20260508
6603,富強鑫,TPEx,23.9,39.18,1.54,1.67,1150511
3062,建漢,TWSE,26.8,39.41,2.04,,20260508
3528,安馳,TWSE,91.0,39.57,3.14,1.52,20260508
6835,圓裕,TWSE,38.4,39.59,1.36,2.6,20260508
8162,微矽電子-創,TWSE,54.7,39.64,2.71,2.74,20260508
1315,達新,TWSE,61.8,39.87,0.58,7.28,20260508
6679,鈺太,TPEx,327.0,39.88,3.02,1.99,1150511
2302,麗正,TWSE,19.55,39.9,1.8,1.79,20260508
2352,佳世達,TWSE,24.85,40.08,1.34,4.02,20260508
6126,信音,TPEx,33.0,40.24,1.14,1.82,1150511
5285,界霖,TWSE,61.7,40.33,2.13,2.43,20260508
4968,立積,TWSE,119.5,40.37,3.93,1.34,20260508
5347,世界,TPEx,174.5,40.58,5.1,2.58,1150511
3211,順達,TPEx,403.0,40.63,7.15,2.85,1150511
3558,神準,TPEx,110.5,40.63,1.07,2.71,1150511
3615,安可,TPEx,33.5,40.85,1.02,2.09,1150511
7709,榮田,TPEx,82.8,40.99,1.97,1.81,1150511
6859,伯特光,TPEx,117.5,41.08,2.28,1.7,1150511
6173,信昌電,TPEx,134.0,41.1,2.55,1.34,1150511
4569,六方科-KY,TWSE,171.0,41.11,1.87,1.9,20260508
2227,裕日車,TWSE,53.8,41.38,0.89,7.25,20260508
2008,高興昌,TWSE,28.15,41.4,1.44,3.55,20260508
3285,微端,TPEx,29.0,41.43,2.05,1.72,1150511
3646,艾恩特,TPEx,23.2,41.43,1.78,3.88,1150511
2430,燦坤,TWSE,19.9,41.46,0.54,4.02,20260508
1110,東泥,TWSE,15.0,41.67,0.9,2.0,20260508
7711,永擎,TWSE,467.0,41.7,7.05,1.93,20260508
6641,基士德-KY,TWSE,19.2,41.74,0.48,2.08,20260508
6840,東研信超,TPEx,66.0,41.77,1.93,1.52,1150511
8210,勤誠,TWSE,1415.0,41.95,14.06,0.99,20260508
6743,安普新,TWSE,29.8,41.97,1.64,10.07,20260508
6720,久昌,TPEx,163.5,42.03,5.14,2.14,1150511
9955,佳龍,TWSE,29.85,42.04,2.5,,20260508
4903,聯光通,TPEx,43.3,42.45,3.93,0.69,1150511
3026,禾伸堂,TWSE,330.0,42.53,5.65,1.76,20260508
8438,昶昕,TWSE,89.8,42.76,3.27,1.45,20260508
6418,詠昇,TPEx,31.3,42.88,2.13,1.21,1150511
6118,建達,TPEx,17.25,43.13,1.38,0.0,1150511
5512,力麒,TPEx,6.92,43.25,0.39,1.45,1150511
6526,達發,TWSE,753.0,43.48,6.52,1.79,20260508
2233,宇隆,TWSE,292.0,43.58,4.44,1.37,20260508
6156,松上,TPEx,19.65,43.67,0.95,1.02,1150511
4952,凌通,TWSE,48.9,44.05,2.44,2.04,20260508
3071,協禧,TPEx,30.9,44.14,2.17,2.59,1150511
6821,聯寶,TPEx,50.0,44.25,2.4,2.17,1150511
7780,大研生醫*,TWSE,18.65,44.4,2.74,3.75,20260508
2313,華通,TWSE,253.5,44.71,6.45,1.1,20260508
1722,台肥,TWSE,46.55,44.76,0.83,4.3,20260508
2345,智邦,TWSE,2375.0,44.91,20.32,0.63,20260508
3548,兆利,TPEx,100.5,45.07,1.1,1.0,1150511
4747,強生,TPEx,54.0,45.38,1.44,1.94,1150511
8070,長華*,TWSE,48.2,45.47,1.92,5.62,20260508
2033,佳大,TWSE,15.2,46.06,1.15,1.32,20260508
7749,意騰-KY,TWSE,514.0,46.18,6.38,1.75,20260508
8038,長園科,TPEx,42.85,46.58,5.78,0.0,1150511
5471,松翰,TWSE,45.35,46.75,2.14,2.21,20260508
1410,南染,TWSE,27.6,46.78,1.62,0.72,20260508
2059,川湖,TWSE,5320.0,46.89,16.08,0.96,20260508
5228,鈺鎧,TPEx,41.7,47.39,2.89,0.0,1150511
6231,系微,TPEx,316.0,47.45,12.37,1.8,1150511
8050,廣積,TPEx,47.6,47.6,1.37,4.58,1150511
8941,關中,TPEx,44.5,47.85,1.61,3.37,1150511
5906,台南-KY,TWSE,47.3,48.27,2.85,1.48,20260508
3374,精材,TPEx,249.0,48.44,6.66,1.0,1150511
3093,港建*,TPEx,59.5,48.77,7.86,1.93,1150511
6952,大武山,TWSE,37.55,48.77,1.74,5.33,20260508
4912,聯德控股-KY,TWSE,94.3,49.11,1.63,0.99,20260508
4949,有成精密,TWSE,93.7,49.32,3.82,1.49,20260508
3021,鴻名,TWSE,16.3,49.39,0.97,3.68,20260508
4566,時碩工業,TWSE,67.2,49.41,1.49,1.01,20260508
3002,歐格,TWSE,17.8,49.44,1.41,1.85,20260508
4556,旭然,TPEx,45.55,49.51,2.33,1.32,1150511
5603,陸海,TPEx,15.85,49.53,0.87,3.15,1150511
7777,能率亞洲,TPEx,28.75,49.57,2.44,0.87,1150511
3338,泰碩,TWSE,72.9,49.93,3.1,1.78,20260508
3017,奇鋐,TWSE,2445.0,49.98,21.5,0.86,20260508
3580,友威科,TPEx,97.0,50.0,3.72,1.24,1150511
5310,天剛,TPEx,26.0,50.0,2.76,0.0,1150511
8932,智通*,TPEx,92.5,50.0,14.41,0.38,1150511
3444,利機,TPEx,89.2,50.4,3.94,2.02,1150511
6205,詮欣,TWSE,84.9,50.54,2.7,1.77,20260508
6805,富世達,TWSE,1980.0,50.54,18.29,0.63,20260508
4306,炎洲,TWSE,13.15,50.58,0.67,5.32,20260508
1785,光洋科,TPEx,159.0,50.64,6.33,1.26,1150511
6895,宏碩系統,TPEx,164.5,50.77,5.81,1.76,1150511
5386,青雲,TPEx,439.5,51.05,17.09,1.48,1150511
3563,牧德,TWSE,802.0,51.21,9.84,1.75,20260508
4977,眾達-KY,TWSE,,51.58,4.54,0.99,20260508
7788,松川精密,TWSE,176.0,52.07,2.37,1.14,20260508
8028,昇陽半導體,TWSE,226.0,52.31,7.76,1.24,20260508
4420,光明,TPEx,42.4,52.35,1.23,7.08,1150511
5234,達興材料,TWSE,408.0,52.99,13.58,1.59,20260508
6465,威潤,TPEx,45.6,53.02,4.37,0.44,1150511
3162,精確,TPEx,90.5,53.24,3.86,1.1,1150511
6446,藥華藥,TWSE,724.0,53.27,8.4,0.36,20260508
3485,敘豐,TPEx,314.5,53.31,8.14,1.61,1150511
3430,奇鈦科,TPEx,168.0,53.33,4.96,0.95,1150511
2630,亞航,TWSE,50.4,53.62,3.12,1.79,20260508
6829,千附精密,TPEx,225.5,53.82,6.55,1.55,1150511
6215,和椿,TWSE,112.0,53.85,5.77,0.89,20260508
4160,訊聯基因,TPEx,43.2,54.0,1.92,1.15,1150511
8905,裕國,TPEx,33.0,54.1,1.39,2.15,1150511
6488,環球晶,TPEx,835.0,54.61,4.28,0.92,1150511
5704,老爺知,TPEx,21.45,55.0,1.5,0.0,1150511
2454,聯發科,TWSE,3630.0,55.02,14.46,1.47,20260508
8147,正淩,TPEx,169.5,55.03,4.74,1.79,1150511
1717,長興,TWSE,77.9,55.25,3.3,1.28,20260508
3711,日月光投控,TWSE,516.0,55.54,6.51,1.28,20260508
4739,康普,TWSE,86.9,55.71,1.78,1.15,20260508
4572,駐龍,TWSE,148.0,55.85,3.18,3.38,20260508
8039,台虹,TWSE,132.5,55.91,3.3,1.51,20260508
6568,宏觀,TPEx,226.0,56.08,4.55,0.88,1150511
3003,健和興,TWSE,55.8,56.36,1.34,1.79,20260508
2484,希華,TWSE,41.8,56.49,1.63,1.67,20260508
1805,寶徠,TWSE,10.75,56.58,0.89,,20260508
6530,創威,TPEx,110.5,56.67,7.67,1.81,1150511
3141,晶宏,TPEx,57.3,56.73,1.6,0.62,1150511
5443,均豪,TPEx,129.5,56.8,1.72,1.7,1150511
3583,辛耘,TWSE,788.0,57.02,10.45,0.76,20260508
5398,慕康生醫,TPEx,20.0,57.14,1.86,0.0,1150511
8927,北基,TPEx,20.0,57.14,1.51,1.5,1150511
3587,閎康,TPEx,350.5,57.46,4.82,1.28,1150511
6147,頎邦,TPEx,196.5,57.46,3.12,1.42,1150511
5450,南良,TPEx,12.7,57.73,0.88,1.97,1150511
2719,燦星旅,TPEx,26.15,58.11,2.38,0.0,1150511
4119,旭富,TWSE,46.65,58.31,1.03,1.61,20260508
8163,達方,TWSE,29.75,58.33,0.81,1.68,20260508
1533,車王電,TWSE,33.85,58.36,1.46,,20260508
7760,享溫馨,TWSE,34.5,58.47,1.03,6.38,20260508
6909,創控,TWSE,56.9,59.27,3.57,1.76,20260508
1468,昶和,TWSE,12.45,59.29,1.41,,20260508
8429,金麗-KY,TWSE,6.53,59.36,0.18,,20260508
3665,貿聯-KY,TWSE,2750.0,59.55,11.5,0.55,20260508
4931,新盛力,TPEx,187.0,59.74,9.95,1.34,1150511
2413,環科,TWSE,46.1,59.87,2.83,1.08,20260508
6020,大展證,TPEx,23.45,60.13,1.21,1.16,1150511
2732,六角,TPEx,65.7,60.28,1.66,5.33,1150511
1776,展宇,TWSE,17.0,60.71,1.18,3.53,20260508
3623,富晶通,TPEx,23.1,60.79,1.85,0.0,1150511
8155,博智,TPEx,420.0,61.05,7.53,1.26,1150511
2028,威致,TWSE,17.15,61.25,1.18,1.17,20260508
5356,協益,TPEx,26.95,61.25,0.63,7.42,1150511
8074,鉅橡,TPEx,83.0,61.48,4.23,1.33,1150511
3645,達邁,TWSE,94.1,61.5,3.9,1.28,20260508
6204,艾華,TPEx,73.0,61.86,4.69,0.68,1150511
1560,中砂,TWSE,572.0,61.9,10.34,0.87,20260508
6612,奈米醫材,TPEx,67.8,62.2,1.76,1.92,1150511
2901,欣欣,TWSE,23.65,62.24,1.95,1.56,20260508
3083,網龍,TPEx,26.8,62.33,1.83,1.23,1150511
2634,漢翔,TWSE,50.1,62.63,2.6,1.56,20260508
4994,傳奇,TWSE,97.9,62.76,6.18,3.06,20260508
6174,安碁,TPEx,41.5,62.88,3.16,0.82,1150511
4958,臻鼎-KY,TWSE,401.0,63.15,3.46,0.86,20260508
4538,大詠城,TPEx,18.35,63.28,1.25,5.45,1150511
5432,新門,TPEx,152.5,63.28,8.45,0.98,1150511
5514,三豐,TPEx,15.2,63.33,1.07,0.0,1150511
3035,智原,TWSE,178.0,63.35,3.55,1.01,20260508
6907,雅特力-KY,TPEx,133.0,63.94,6.42,0.75,1150511
1519,華城,TWSE,896.0,64.05,26.75,1.34,20260508
6649,台生材,TPEx,39.75,64.11,2.6,2.52,1150511
3297,杭特,TPEx,32.6,65.2,2.03,0.0,1150511
3680,家登,TPEx,616.0,65.32,6.07,1.12,1150511
4772,台特化,TPEx,317.5,65.73,13.49,0.94,1150511
2305,全友,TWSE,17.8,65.93,1.53,,20260508
2009,第一銅,TWSE,37.9,66.49,1.64,1.06,20260508
6415,矽力*-KY,TWSE,425.5,66.59,4.42,0.6,20260508
6265,方土昶,TPEx,45.4,66.76,3.74,0.0,1150511
8440,綠電,TPEx,20.7,66.77,1.62,0.97,1150511
4583,台灣精銳,TWSE,762.0,66.84,6.32,1.31,20260508
1815,富喬,TPEx,110.5,67.38,5.13,0.9,1150511
6902,GOGOLOOK,TWSE,103.0,67.76,5.2,,20260508
6841,長佳智能,TPEx,60.4,67.87,3.4,1.66,1150511
3131,弘塑,TPEx,3090.0,67.94,18.73,1.5,1150511
5516,雙喜,TPEx,10.9,68.13,1.27,0.0,1150511
3715,定穎投控,TWSE,180.5,68.37,4.74,0.6,20260508
2926,誠品生活,TPEx,37.0,68.52,2.86,1.24,1150511
8222,寶一,TWSE,37.95,69.0,2.89,0.92,20260508
2049,上銀,TWSE,319.5,69.61,3.01,0.63,20260508
2368,金像電,TWSE,1330.0,69.96,20.08,0.75,20260508
9940,信義,TWSE,19.6,70.0,1.12,3.06,20260508
6213,聯茂,TWSE,287.5,70.29,4.96,1.04,20260508
1718,中纖,TWSE,6.34,70.44,0.38,,20260508
3438,類比科,TPEx,63.9,71.0,1.21,2.35,1150511
2467,志聖,TWSE,537.0,71.41,10.07,1.02,20260508
6291,沛亨,TPEx,471.5,71.44,14.18,1.27,1150511
3661,世芯-KY,TWSE,4890.0,71.67,9.24,0.7,20260508
4543,萬在,TPEx,38.0,71.7,1.26,1.84,1150511
6209,今國光,TWSE,66.0,71.74,3.67,0.76,20260508
6155,鈞寶,TWSE,53.2,71.89,2.95,1.5,20260508
3232,昱捷,TPEx,20.85,71.9,1.41,2.4,1150511
5328,華容,TPEx,28.05,71.92,2.63,1.25,1150511
1784,訊聯,TPEx,73.5,72.06,2.91,1.19,1150511
6727,亞泰金屬,TPEx,495.0,72.79,9.48,0.61,1150511
6187,萬潤,TPEx,1110.0,73.56,15.73,1.06,1150511
1323,永裕,TWSE,19.25,74.04,0.69,4.68,20260508
5222,全訊,TWSE,139.0,74.33,5.26,1.8,20260508
4530,宏易,TPEx,25.45,74.85,1.95,0.0,1150511
2540,愛山林,TWSE,51.3,75.44,2.95,7.8,20260508
6207,雷科,TPEx,68.3,75.89,2.77,1.02,1150511
6114,久威,TPEx,31.6,77.07,0.86,1.58,1150511
1414,東和,TWSE,16.2,77.14,1.1,1.23,20260508
4561,健椿,TPEx,51.6,78.18,2.22,0.39,1150511
6538,倉和,TPEx,78.4,78.4,1.57,1.91,1150511
1584,精剛,TPEx,20.4,78.46,0.98,1.23,1150511
3516,亞帝歐,TPEx,21.2,78.52,0.83,0.94,1150511
3276,宇環,TPEx,16.5,78.57,1.38,0.36,1150511
7750,新代,TWSE,2545.0,79.98,16.06,0.63,20260508
6163,華電網,TPEx,60.4,80.53,3.07,0.75,1150511
2360,致茂,TWSE,2230.0,80.8,29.61,0.87,20260508
5340,建榮,TPEx,111.5,80.8,9.59,0.54,1150511
2308,台達電,TWSE,2200.0,81.12,19.08,0.53,20260508
3552,同致,TPEx,55.0,82.09,1.21,0.91,1150511
5244,弘凱,TWSE,42.0,82.35,1.61,0.95,20260508
3597,映興,TPEx,28.2,82.94,1.88,1.42,1150511
8064,東捷,TPEx,113.5,83.46,5.81,0.97,1150511
6756,威鋒電子,TWSE,92.8,83.6,2.26,0.97,20260508
6202,盛群,TWSE,55.2,83.64,3.15,1.23,20260508
5601,台聯櫃,TPEx,35.3,84.05,1.65,1.08,1150511
7769,鴻勁,TWSE,5800.0,84.41,17.98,1.12,20260508
3167,大量,TWSE,684.0,84.44,17.69,0.58,20260508
7751,竑騰,TPEx,1750.0,85.37,19.06,1.03,1150511
7820,立盈,TPEx,150.0,85.71,6.63,1.1,1150511
6442,光聖,TWSE,1965.0,86.0,22.35,0.6,20260508
6640,均華,TPEx,1405.0,87.27,12.27,1.07,1150511
1587,吉茂,TWSE,32.4,87.57,1.65,1.54,20260508
3675,德微,TPEx,248.5,88.12,5.15,1.61,1150511
4706,大恭,TPEx,30.9,88.29,1.61,0.97,1150511
8358,金居,TPEx,462.0,88.68,14.32,0.43,1150511
6531,愛普*,TWSE,875.0,88.92,12.06,0.8,20260508
6739,竹陞科技,TPEx,1440.0,89.27,32.79,0.9,1150511
4576,大銀微系統,TWSE,228.0,89.76,6.6,0.35,20260508
7822,倍利科,TWSE,1260.0,90.0,51.43,0.56,20260508
6508,惠光,TPEx,24.45,90.56,0.88,2.04,1150511
2908,特力,TWSE,20.9,90.87,1.53,2.63,20260508
5488,松普,TPEx,10.4,94.55,0.99,0.58,1150511
6937,天虹,TWSE,306.5,94.6,6.03,0.46,20260508
3531,先益,TPEx,23.05,96.04,0.75,2.17,1150511
6834,天二科技,TWSE,48.1,96.2,2.97,0.83,20260508
2062,橋椿,TWSE,20.3,96.67,0.54,4.93,20260508
2359,所羅門,TWSE,119.5,97.15,3.55,0.84,20260508
6861,睿生光電,TWSE,376.0,98.17,10.74,0.53,20260508
1796,金穎生技,TPEx,37.35,98.29,1.98,1.87,1150511
1563,巧新,TWSE,43.9,99.77,1.16,4.56,20260508
7772,耀穎,TPEx,186.5,100.27,6.36,0.8,1150511
2034,允強,TWSE,21.2,100.95,1.15,4.72,20260508
6127,九豪,TPEx,47.5,101.06,4.37,0.0,1150511
6432,今展科,TPEx,48.6,101.25,1.83,2.47,1150511
3138,耀登,TWSE,155.0,101.31,3.74,1.08,20260508
3653,健策,TWSE,3650.0,101.5,23.45,0.6,20260508
1570,力肯,TPEx,39.95,102.44,1.98,2.5,1150511
7730,暉盛-創,TWSE,168.0,102.44,6.23,0.89,20260508
2383,台光電,TWSE,4750.0,103.04,35.5,0.53,20260508
4749,新應材,TPEx,1175.0,103.71,11.79,0.68,1150511
8045,達運光電,TWSE,73.3,104.71,3.6,1.36,20260508
3467,台灣精材,TPEx,71.4,105.0,3.68,0.7,1150511
6274,台燿,TPEx,1455.0,105.13,23.27,0.52,1150511
2455,全新,TWSE,337.0,106.31,16.99,0.79,20260508
3455,由田,TPEx,286.0,107.12,6.67,1.22,1150511
6624,萬年清,TPEx,48.65,108.11,2.18,0.59,1150511
3236,千如,TPEx,34.6,108.13,2.29,1.45,1150511
8227,巨有科技,TPEx,226.0,109.71,7.84,0.75,1150511
7768,頌勝科技,TWSE,350.0,109.72,11.75,1.13,20260508
2351,順德,TWSE,183.0,110.24,4.79,0.6,20260508
7717,萊德光電-KY,TPEx,676.0,110.28,16.77,0.49,1150511
8096,擎亞,TPEx,98.3,110.45,5.51,0.51,1150511
4711,永純,TPEx,16.6,110.67,0.99,3.01,1150511
6510,精測,TPEx,3790.0,111.18,12.67,0.4,1150511
8996,高力,TWSE,1015.0,112.53,22.37,0.45,20260508
8354,冠好,TPEx,15.85,113.21,0.6,0.69,1150511
2365,昆盈,TWSE,36.25,113.28,2.63,0.83,20260508
7734,印能科技,TPEx,3800.0,113.43,16.39,0.52,1150511
3594,磐儀,TPEx,56.0,114.29,2.38,0.71,1150511
4908,前鼎,TPEx,227.5,114.9,10.3,0.44,1150511
6693,廣閎科,TPEx,156.0,116.42,6.18,0.38,1150511
7795,長廣,TWSE,363.0,116.72,16.18,0.59,20260508
6224,聚鼎,TWSE,78.7,117.46,3.05,1.59,20260508
5371,中光電,TPEx,70.5,117.5,1.04,0.71,1150511
1449,佳和,TWSE,12.95,117.73,0.73,,20260508
6658,聯策,TWSE,160.5,118.01,4.44,0.75,20260508
6485,點序,TPEx,84.2,118.59,2.05,0.59,1150511
3094,聯傑,TWSE,30.9,118.85,2.54,0.81,20260508
3037,欣興,TWSE,818.0,120.29,11.46,0.24,20260508
3163,波若威,TPEx,1040.0,120.37,26.24,0.34,1150511
3588,通嘉,TWSE,59.2,120.82,2.09,0.84,20260508
6831,邁科,TWSE,540.0,121.35,12.93,0.56,20260508
3450,聯鈞,TWSE,410.0,122.02,11.45,0.24,20260508
6584,南俊國際,TPEx,687.0,122.9,15.22,0.36,1150511
5227,立凱-KY,TPEx,21.0,123.53,2.68,0.0,1150511
4979,華星光,TPEx,672.0,123.76,23.82,0.32,1150511
3376,新日興,TWSE,202.5,124.23,2.31,2.96,20260508
6683,雍智科技,TPEx,2270.0,128.61,21.58,0.4,1150511
6789,采鈺,TWSE,603.0,129.68,10.14,0.5,20260508
8150,南茂,TWSE,92.7,130.56,2.7,1.33,20260508
3189,景碩,TWSE,458.0,131.23,6.39,0.38,20260508
4729,熒茂,TPEx,21.0,131.25,1.53,0.0,1150511
3105,穩懋,TPEx,526.0,131.5,5.37,0.38,1150511
3040,遠見,TWSE,40.9,131.94,1.74,8.56,20260508
2106,建大,TWSE,17.2,132.31,0.84,3.78,20260508
5452,佶優,TPEx,33.6,134.4,2.3,0.74,1150511
6692,進能服,TPEx,31.3,136.09,1.72,0.64,1150511
7721,微程式,TWSE,72.1,138.65,3.09,1.39,20260508
4722,國精化,TWSE,236.5,139.94,7.75,0.51,20260508
1463,強盛新,TWSE,18.25,140.38,1.2,0.71,20260508
1789,神隆,TWSE,19.8,141.43,1.52,1.46,20260508
4971,IET-KY,TPEx,723.0,142.04,13.81,0.14,1150511
3564,其陽,TPEx,42.8,142.67,1.86,0.63,1150511
1597,直得,TWSE,173.0,145.38,6.3,0.4,20260508
3252,海灣,TPEx,19.0,146.15,0.49,0.0,1150511
8021,尖點,TWSE,401.0,146.35,11.81,0.5,20260508
6223,旺矽,TPEx,4985.0,148.85,33.5,0.44,1150511
5274,信驊,TPEx,17825.0,151.24,113.05,0.45,1150511
4542,科嶠,TPEx,194.5,151.95,9.31,0.48,1150511
1220,台榮,TWSE,12.25,153.13,0.92,1.63,20260508
4157,太景*-KY,TPEx,9.26,154.33,6.13,0.0,1150511
1303,南亞,TWSE,88.6,155.44,1.98,0.9,20260508
3443,創意,TWSE,5210.0,156.74,47.87,0.38,20260508
3024,憶聲,TWSE,14.25,158.33,1.3,1.54,20260508
3346,麗清,TWSE,17.45,158.64,0.59,0.63,20260508
7728,光焱科技,TPEx,781.0,158.74,14.36,0.65,1150511
4533,協易機,TPEx,31.75,158.75,1.94,0.63,1150511
7610,聯友金屬-創,TWSE,792.0,159.36,24.12,0.32,20260508
3529,力旺,TPEx,4460.0,162.77,75.05,0.46,1150511
3532,台勝科,TWSE,257.5,162.97,4.04,0.39,20260508
3226,龍鋒,TPEx,41.0,170.83,1.4,0.0,1150511
6708,天擎,TPEx,42.8,171.2,3.24,0.0,1150511
1506,正道,TWSE,10.5,175.0,1.13,,20260508
8076,伍豐,TPEx,24.65,176.07,1.83,2.84,1150511
6164,華興,TWSE,12.45,177.86,1.09,4.02,20260508
4764,雙鍵,TWSE,340.0,180.85,12.01,0.29,20260508
8046,南電,TWSE,854.0,180.93,11.82,0.23,20260508
8234,新漢,TPEx,71.2,182.56,3.25,0.84,1150511
4555,氣立,TWSE,42.65,185.43,1.03,1.17,20260508
1809,中釉,TWSE,36.0,189.47,2.05,0.69,20260508
8111,立碁,TPEx,66.2,194.71,5.5,0.91,1150511
7828,創新服務,TPEx,1225.0,197.26,37.7,0.41,1150511
8289,泰藝,TPEx,49.95,199.8,2.13,0.3,1150511
6423,億而得,TPEx,119.0,205.17,7.39,0.84,1150511
2465,麗臺,TWSE,80.5,206.41,6.96,,20260508
6515,穎崴,TWSE,9630.0,207.45,53.85,0.52,20260508
2466,冠西電,TWSE,50.4,210.0,4.36,,20260508
4741,泓瀚,TPEx,61.6,212.41,2.35,0.49,1150511
3498,陽程,TPEx,102.5,213.54,2.76,0.0,1150511
6244,茂迪,TPEx,29.9,213.57,2.65,0.47,1150511
2646,星宇航空,TWSE,20.6,228.89,1.97,,20260508
5291,邑昇,TPEx,71.5,230.65,3.05,0.0,1150511
3491,昇達科,TPEx,1820.0,232.44,34.61,0.37,1150511
6185,幃翔,TPEx,13.95,232.5,0.99,2.8,1150511
6236,中湛,TPEx,,238.13,5.12,0.0,1150511
8080,泰霖,TPEx,28.7,239.17,3.46,0.0,1150511
6715,嘉基,TWSE,445.0,247.22,8.53,0.45,20260508
5309,系統電,TPEx,67.4,249.63,3.55,0.74,1150511
4585,達明,TWSE,329.5,253.46,5.01,0.3,20260508
6921,嘉雨思-創,TWSE,90.9,267.35,10.04,,20260508
4130,健亞,TPEx,27.65,276.5,2.28,0.0,1150511
8033,雷虎,TWSE,159.0,278.95,12.88,,20260508
6134,萬旭,TPEx,33.55,279.58,2.73,0.6,1150511
6282,康舒,TWSE,50.4,280.0,1.91,1.59,20260508
2399,映泰,TWSE,42.3,282.0,3.42,,20260508
3016,嘉晶,TWSE,117.0,285.37,6.89,0.43,20260508
1453,大將,TWSE,11.6,290.0,0.91,2.59,20260508
6661,威健生技,TPEx,17.5,291.67,1.45,0.0,1150511
3581,博磊,TPEx,236.5,291.98,13.64,0.25,1150511
3717,聯嘉投控,TWSE,24.05,300.63,1.56,0.83,20260508
3050,鈺德,TWSE,12.3,307.5,0.78,2.03,20260508
2462,良得電,TWSE,21.85,312.14,0.99,0.92,20260508
1326,台化,TWSE,46.95,313.0,0.73,1.28,20260508
3535,晶彩科,TWSE,128.5,321.25,9.12,0.39,20260508
6199,天品,TPEx,100.5,324.19,6.99,0.0,1150511
6796,晉弘,TWSE,69.7,348.5,3.58,0.36,20260508
3081,聯亞,TPEx,2780.0,365.31,60.67,0.14,1150511
1471,首利,TWSE,11.1,370.0,1.15,,20260508
1810,和成,TWSE,18.5,370.0,0.81,1.08,20260508
5015,華祺,TPEx,22.5,375.0,1.11,2.22,1150511
6735,美達科技,TPEx,125.0,378.79,6.03,0.56,1150511
1539,巨庭,TWSE,15.75,393.75,0.64,5.4,20260508
1611,中電,TWSE,11.9,396.67,0.91,6.72,20260508
6216,居易,TWSE,23.85,397.5,1.41,4.32,20260508
9906,欣巴巴,TWSE,36.2,402.22,2.43,0.22,20260508
1516,川飛,TWSE,21.7,434.0,4.2,,20260508
2506,太設,TWSE,8.75,437.5,0.41,2.29,20260508
4169,泰宗,TWSE,156.0,487.5,8.73,0.23,20260508
6494,九齊,TPEx,58.5,487.5,1.81,1.71,1150511
6179,亞通,TPEx,24.7,494.0,1.23,2.02,1150511
6168,宏齊,TWSE,26.1,522.0,1.78,,20260508
3221,台嘉碩,TPEx,43.8,547.5,2.23,0.64,1150511
6229,研通,TPEx,29.35,587.0,1.7,2.04,1150511
2388,威盛,TWSE,71.4,595.0,1.86,0.28,20260508
6125,廣運,TPEx,59.7,597.0,3.49,0.84,1150511
3490,單井,TPEx,30.75,615.0,1.34,1.63,1150511
8182,加高,TPEx,37.4,623.33,1.11,0.67,1150511
3663,鑫科,TPEx,67.9,679.0,3.47,0.0,1150511
3607,谷崧,TWSE,14.55,727.5,1.01,5.5,20260508
6982,大井泵浦,TPEx,53.1,885.0,2.38,3.01,1150511
5251,天鉞電,TPEx,28.5,950.0,2.4,0.0,1150511
3481,群創,TWSE,29.4,980.0,1.06,3.4,20260508
6234,高僑,TPEx,54.0,1080.0,1.95,0.83,1150511
7402,邑錡,TPEx,114.5,1145.0,6.21,0.44,1150511
6542,隆中,TPEx,47.2,1180.0,2.78,0.04,1150511
4768,晶呈科技,TPEx,488.5,1252.56,15.43,0.2,1150511
2486,一詮,TWSE,281.5,1279.55,12.59,0.18,20260508
8455,大拓-KY,TPEx,27.95,1397.5,1.33,0.0,1150511
6182,合晶,TPEx,58.6,1465.0,2.2,0.0,1150511
2434,統懋,TWSE,31.95,1597.5,2.51,,20260508
6451,訊芯-KY,TWSE,441.0,1696.15,7.17,0.08,20260508
6477,安集,TWSE,35.05,1752.5,1.36,1.0,20260508
1727,中華化,TWSE,72.3,1807.5,4.42,0.21,20260508
4534,慶騰,TPEx,23.05,2305.0,2.85,0.0,1150511
3557,嘉威,TWSE,29.45,2945.0,1.0,1.02,20260508
4991,環宇-KY,TPEx,686.0,4573.33,24.08,0.0,1150511
3363,上詮,TPEx,853.0,5331.25,34.67,0.0,1150511
6654,天正國際,TPEx,90.9,9090.0,3.27,0.0,1150511
6643,M31,TPEx,683.0,17075.0,15.84,0.18,1150511
1101,台泥,TWSE,25.0,,0.83,3.2,20260508
1213,大飲,TWSE,8.75,,0.76,4.0,20260508
1235,興泰,TWSE,45.8,,0.72,2.18,20260508
1236,宏亞,TWSE,26.35,,0.91,6.26,20260508
1301,台塑,TWSE,48.55,,0.85,1.03,20260508
1304,台聚,TWSE,12.7,,0.78,1.18,20260508
1305,華夏,TWSE,12.75,,0.97,0.78,20260508
1308,亞聚,TWSE,13.4,,0.78,1.49,20260508
1309,台達化,TWSE,16.85,,1.16,0.89,20260508
1310,台苯,TWSE,8.63,,0.62,,20260508
1312,國喬,TWSE,11.6,,0.45,,20260508
1313,聯成,TWSE,11.1,,0.5,0.9,20260508
1314,中石化,TWSE,7.14,,0.35,,20260508
1316,上曜,TWSE,11.2,,0.9,,20260508
1321,大洋,TWSE,29.55,,1.13,1.29,20260508
1324,地球,TWSE,10.3,,0.87,1.94,20260508
1325,恆大,TWSE,27.3,,0.9,1.1,20260508
1337,再生-KY,TWSE,5.01,,0.37,,20260508
1338,廣華-KY,TWSE,15.7,,0.22,1.91,20260508
1340,勝悅-KY,TWSE,5.63,,0.33,,20260508
1418,東華,TWSE,19.1,,0.84,,20260508
1440,南紡,TWSE,12.25,,0.73,2.45,20260508
1441,大東,TWSE,9.81,,1.52,,20260508
1444,力麗,TWSE,6.0,,0.62,,20260508
1445,大宇,TWSE,12.7,,0.78,3.94,20260508
1447,力鵬,TWSE,4.95,,0.56,,20260508
1452,宏益,TWSE,11.2,,0.56,1.79,20260508
1454,台富,TWSE,14.05,,1.25,0.71,20260508
1455,集盛,TWSE,8.08,,0.75,1.98,20260508
1460,宏遠,TWSE,7.25,,0.86,,20260508
1465,偉全,TWSE,12.3,,0.81,2.44,20260508
1466,聚隆,TWSE,15.6,,1.12,1.28,20260508
1467,南緯,TWSE,7.13,,0.57,,20260508
1517,利奇,TWSE,10.1,,0.65,1.98,20260508
1526,日馳,TWSE,15.6,,0.7,,20260508
1528,恩德,TWSE,26.55,,2.36,0.38,20260508
1530,亞崴,TWSE,26.2,,0.78,3.82,20260508
1531,高林股,TWSE,13.0,,0.66,7.69,20260508
1536,和大,TWSE,53.7,,1.93,1.49,20260508
1538,正峰,TWSE,12.2,,2.85,,20260508
1569,濱川,TPEx,55.8,,2.81,0.0,1150511
1583,程泰,TWSE,47.5,,0.92,2.11,20260508
1586,和勤,TPEx,21.65,,1.14,0.0,1150511
1591,駿吉-KY,TPEx,63.6,,5.02,0.0,1150511
1595,川寶,TPEx,94.1,,1.89,0.53,1150511
1598,岱宇,TWSE,22.2,,0.89,2.25,20260508
1599,宏佳騰,TPEx,24.45,,0.95,2.04,1150511
1626,艾美特-KY,TWSE,10.95,,0.6,,20260508
1710,東聯,TWSE,12.1,,1.15,,20260508
1711,永光,TWSE,57.5,,3.85,0.52,20260508
1721,三晃,TWSE,28.5,,3.2,,20260508
1742,台蠟,TPEx,15.75,,1.13,0.0,1150511
1762,中化生,TWSE,38.75,,0.97,0.49,20260508
1781,合世,TPEx,10.85,,1.61,0.0,1150511
1799,易威,TPEx,35.85,,6.47,0.0,1150511
1802,台玻,TWSE,68.9,,4.21,,20260508
1813,寶利徠,TPEx,12.25,,0.83,0.0,1150511
1905,華紙,TWSE,12.45,,0.85,,20260508
1906,寶隆,TWSE,11.0,,0.54,0.91,20260508
1909,榮成,TWSE,9.17,,0.59,,20260508
2002,中鋼,TWSE,18.75,,0.97,0.8,20260508
2007,燁興,TWSE,7.37,,0.93,,20260508
2012,春雨,TWSE,15.1,,1.1,1.99,20260508
2014,中鴻,TWSE,17.85,,2.14,,20260508
2017,官田鋼,TWSE,8.84,,0.8,,20260508
2022,聚亨,TWSE,8.04,,0.79,,20260508
2023,燁輝,TWSE,14.4,,0.83,,20260508
2024,志聯,TWSE,14.3,,1.25,,20260508
2025,千興,TWSE,11.3,,1.35,,20260508
2035,唐榮,TPEx,28.35,,4.15,0.0,1150511
2038,海光,TWSE,13.9,,0.71,1.44,20260508
2061,風青,TPEx,22.0,,1.99,0.0,1150511
2064,晉椿,TPEx,12.6,,0.94,0.0,1150511
2067,嘉鋼,TPEx,7.24,,1.41,0.0,1150511
2073,雄順,TPEx,,,1.79,1.12,1150511
2104,國際中橡,TWSE,10.3,,0.41,,20260508
2208,台船,TWSE,21.7,,3.85,,20260508
2230,泰茂,TPEx,31.35,,1.79,1.91,1150511
2231,為升,TWSE,116.0,,4.68,0.43,20260508
2236,百達-KY,TWSE,135.0,,3.78,0.48,20260508
2239,英利-KY,TWSE,22.2,,0.23,,20260508
2241,艾姆勒,TWSE,29.65,,2.32,,20260508
2254,巨鎧精密-創,TWSE,68.5,,4.22,,20260508
2258,鴻華先進-創,TWSE,28.7,,3.75,,20260508
2314,台揚,TWSE,13.0,,10.16,,20260508
2321,東訊,TWSE,12.35,,1.94,,20260508
2332,友訊,TWSE,13.95,,1.0,0.72,20260508
2337,旺宏,TWSE,153.0,,5.98,,20260508
2338,光罩,TWSE,51.5,,3.33,,20260508
2340,台亞,TWSE,37.3,,2.58,,20260508
2342,茂矽,TWSE,43.8,,2.95,0.68,20260508
2349,錸德,TWSE,12.45,,1.6,,20260508
2367,燿華,TWSE,61.7,,3.43,0.32,20260508
2369,菱生,TWSE,30.7,,2.37,0.98,20260508
2371,大同,TWSE,30.55,,1.35,10.18,20260508
2390,云辰,TWSE,9.46,,0.78,,20260508
2392,正崴,TWSE,38.8,,0.82,2.58,20260508
2401,凌陽,TWSE,25.3,,1.81,,20260508
2405,輔信,TWSE,14.95,,1.47,0.67,20260508
2406,國碩,TWSE,33.0,,3.24,,20260508
2417,圓剛,TWSE,50.4,,2.37,0.5,20260508
2419,仲琦,TWSE,30.05,,2.01,,20260508
2424,隴華,TWSE,19.25,,3.69,,20260508
2425,承啟,TWSE,30.85,,1.23,0.32,20260508
2426,鼎元,TWSE,67.5,,5.4,0.15,20260508
2429,銘旺科,TWSE,53.8,,5.96,,20260508
2431,聯昌,TWSE,10.8,,1.1,,20260508
2438,翔耀,TWSE,22.6,,4.34,,20260508
2440,太空梭,TWSE,16.75,,1.48,,20260508
2444,兆勁,TWSE,13.15,,1.69,,20260508
2457,飛宏,TWSE,24.25,,1.14,,20260508
2460,建通,TWSE,32.0,,3.59,,20260508
2461,光群雷,TWSE,16.5,,0.94,6.12,20260508
2464,盟立,TWSE,122.0,,5.01,0.41,20260508
2482,連宇,TWSE,16.7,,1.22,0.6,20260508
2485,兆赫,TWSE,68.6,,4.26,,20260508
2509,全坤建,TWSE,13.4,,0.77,,20260508
2601,益航,TWSE,4.91,,0.55,,20260508
2616,山隆,TWSE,14.0,,0.72,2.14,20260508
2642,宅配通,TWSE,21.5,,1.0,2.33,20260508
2702,華園,TWSE,14.6,,0.71,,20260508
2712,遠雄來,TWSE,17.4,,1.78,,20260508
2722,夏都,TWSE,23.5,,1.42,0.64,20260508
2723,美食-KY,TWSE,66.8,,1.19,4.49,20260508
2724,藝舍-KY,TPEx,14.05,,1.87,0.0,1150511
2726,雅茗-KY,TPEx,10.1,,1.01,0.0,1150511
2734,易飛網,TPEx,15.6,,1.37,0.0,1150511
2736,富野,TPEx,12.45,,0.7,0.0,1150511
2740,華軒,TPEx,38.9,,6.93,0.0,1150511
2913,農林,TWSE,11.25,,0.72,,20260508
2923,鼎固-KY,TWSE,28.25,,1.11,0.42,20260508
2924,宏太-KY,TPEx,,,2.19,0.0,1150511
2929,淘帝-KY,TWSE,5.52,,0.22,,20260508
2939,永邑-KY,TWSE,24.6,,1.99,,20260508
3011,今皓,TWSE,13.45,,1.27,,20260508
3018,隆銘綠能,TWSE,10.15,,1.36,,20260508
3027,盛達,TWSE,19.2,,1.15,,20260508
3032,偉訓,TWSE,70.7,,3.22,3.86,20260508
3041,揚智,TWSE,24.3,,2.42,,20260508
3043,科風,TWSE,20.35,,0.97,,20260508
3047,訊舟,TWSE,14.4,,1.29,2.08,20260508
3049,精金,TWSE,12.75,,1.45,,20260508
3055,蔚華科,TWSE,91.2,,6.24,1.1,20260508
3057,喬鼎,TWSE,21.6,,2.36,,20260508
3058,立德,TWSE,8.34,,1.08,,20260508
3060,銘異,TWSE,28.0,,1.4,0.71,20260508
3064,泰偉,TPEx,20.75,,4.48,0.0,1150511
3066,李洲,TPEx,18.45,,1.41,0.0,1150511
3067,全域,TPEx,,,1.43,0.0,1150511
3073,天方能源,TPEx,21.1,,1.22,0.0,1150511
3085,新零售,TPEx,12.95,,2.15,0.0,1150511
3086,華義*,TPEx,40.05,,34.23,0.0,1150511
3092,鴻碩,TWSE,30.95,,2.3,,20260508
3095,及成,TPEx,46.6,,4.4,0.0,1150511
3115,富榮綱,TPEx,9.87,,1.31,0.0,1150511
3122,笙泉,TPEx,38.5,,4.47,0.0,1150511
3149,正達,TWSE,48.25,,4.27,,20260508
3150,鈺寶-創,TWSE,19.95,,1.46,2.51,20260508
3176,基亞,TPEx,32.6,,2.93,0.0,1150511
3178,公準,TPEx,67.2,,2.54,0.0,1150511
3205,佰研,TPEx,56.4,,3.66,0.0,1150511
3207,耀勝,TPEx,59.2,,2.26,0.0,1150511
3224,三顧,TPEx,42.25,,2.36,0.0,1150511
3228,金麗科,TPEx,241.5,,27.1,0.0,1150511
3229,晟鈦,TWSE,40.75,,4.37,,20260508
3230,錦明,TPEx,32.55,,2.88,0.0,1150511
3234,光環,TPEx,97.5,,15.26,0.0,1150511
3259,鑫創,TPEx,17.7,,3.4,0.0,1150511
3268,海德威,TPEx,18.5,,1.38,0.0,1150511
3272,東碩,TPEx,18.45,,1.14,0.0,1150511
3288,點晶,TPEx,15.1,,2.31,0.0,1150511
3294,英濟,TPEx,30.7,,1.79,0.0,1150511
3313,斐成,TPEx,11.4,,1.15,0.0,1150511
3321,同泰,TWSE,16.5,,2.11,,20260508
3322,建舜電,TPEx,13.15,,1.03,0.0,1150511
3323,加百裕,TPEx,36.3,,1.44,0.0,1150511
3325,旭品,TPEx,12.75,,1.39,0.0,1150511
3339,泰谷,TPEx,54.0,,4.89,0.0,1150511
3349,寶德,TPEx,21.15,,2.82,0.0,1150511
3354,律勝,TPEx,35.0,,3.13,0.0,1150511
3360,尚立,TPEx,14.55,,1.35,0.0,1150511
3362,先進光,TPEx,102.0,,3.94,0.0,1150511
3372,典範,TPEx,19.75,,2.31,0.0,1150511
3373,熱映,TPEx,16.85,,1.01,6.53,1150511
3380,明泰,TWSE,31.9,,1.9,1.57,20260508
3390,旭軟,TPEx,27.75,,1.57,0.72,1150511
3419,譁裕,TWSE,14.5,,1.81,,20260508
3432,台端,TWSE,20.2,,2.77,,20260508
3434,哲固,TPEx,28.65,,2.03,4.19,1150511
3437,榮創,TWSE,25.85,,1.82,,20260508
3465,進泰電子,TPEx,27.9,,1.27,0.0,1150511
3466,德晉,TPEx,39.75,,2.13,0.0,1150511
3489,森寶,TPEx,22.4,,1.68,13.39,1150511
3494,誠研,TWSE,8.02,,1.32,,20260508
3499,環天科,TPEx,15.05,,1.77,0.0,1150511
3504,揚明光,TWSE,62.1,,2.5,,20260508
3508,位速,TPEx,21.0,,4.32,0.0,1150511
3511,矽瑪,TPEx,21.5,,1.32,0.0,1150511
3518,柏騰,TWSE,36.0,,2.64,,20260508
3520,華盈,TPEx,15.45,,1.33,0.0,1150511
3521,台鋼建設,TPEx,13.25,,1.31,0.0,1150511
3522,御嵿,TPEx,12.55,,2.35,0.0,1150511
3523,迎輝,TPEx,12.4,,1.87,0.0,1150511
3527,聚積,TPEx,64.9,,1.28,1.54,1150511
3541,西柏,TPEx,23.05,,1.78,0.0,1150511
3543,州巧,TWSE,39.85,,1.45,1.51,20260508
3545,敦泰,TWSE,56.7,,1.43,1.41,20260508
3550,聯穎,TWSE,21.35,,1.48,,20260508
3576,聯合再生,TWSE,17.45,,2.74,,20260508
3591,艾笛森,TWSE,23.6,,1.16,3.14,20260508
3593,力銘,TWSE,18.95,,3.96,,20260508
3625,西勝,TPEx,15.1,,3.0,0.0,1150511
3629,地心引力,TPEx,17.95,,11.66,0.0,1150511
3631,晟楠,TPEx,41.0,,2.79,0.0,1150511
3632,研勤,TPEx,8.35,,2.8,0.0,1150511
3664,安瑞-KY,TPEx,8.59,,6.14,0.0,1150511
3666,光耀,TPEx,28.15,,2.17,0.0,1150511
3672,康聯訊,TPEx,11.6,,1.44,0.0,1150511
3685,元創精密,TPEx,30.0,,3.39,0.0,1150511
3686,達能,TWSE,17.6,,2.01,,20260508
3691,碩禾,TPEx,141.0,,2.24,0.0,1150511
3701,大眾控,TWSE,60.9,,3.01,0.33,20260508
3707,漢磊,TPEx,74.9,,4.11,0.0,1150511
3710,連展投控,TPEx,6.01,,1.32,0.0,1150511
3712,永崴投控,TWSE,20.65,,1.53,14.53,20260508
3713,新晶投控,TPEx,14.2,,1.77,0.0,1150511
3714,富采,TWSE,71.1,,1.25,1.27,20260508
4102,永日,TPEx,17.8,,1.28,0.0,1150511
4108,懷特,TWSE,12.1,,1.28,,20260508
4113,聯上,TPEx,14.75,,0.8,0.0,1150511
4120,友華,TPEx,46.5,,0.64,8.6,1150511
4121,優盛,TPEx,14.6,,0.85,0.0,1150511
4127,天良,TPEx,43.75,,4.22,0.0,1150511
4128,中天,TPEx,15.1,,1.0,0.0,1150511
4131,浩泰,TPEx,35.3,,4.94,0.0,1150511
4133,亞諾法,TWSE,21.95,,1.06,0.5,20260508
4139,馬光-KY,TPEx,23.4,,2.38,0.0,1150511
4142,國光生,TWSE,17.8,,1.52,,20260508
4147,中裕,TPEx,48.85,,3.46,0.0,1150511
4154,樂威科-KY,TPEx,11.4,,1.79,0.0,1150511
4168,醣聯,TPEx,22.4,,2.57,0.0,1150511
4171,瑞基,TPEx,18.55,,1.81,0.0,1150511
4174,浩鼎,TPEx,33.35,,2.32,0.0,1150511
4178,永笙-KY,TWSE,19.0,,2.11,,20260508
4183,福永生技,TPEx,13.65,,1.21,0.0,1150511
4188,安克,TPEx,11.7,,1.42,0.0,1150511
4190,佐登-KY,TWSE,24.6,,0.9,2.03,20260508
4192,杏國,TPEx,20.05,,2.87,0.0,1150511
4198,欣大健康,TPEx,37.8,,4.02,0.0,1150511
4304,勝昱,TPEx,30.6,,5.94,0.0,1150511
4402,郡都開發,TPEx,13.75,,1.57,0.0,1150511
4406,新昕纖,TPEx,9.95,,0.83,0.0,1150511
4416,三圓,TPEx,12.45,,0.53,0.0,1150511
4419,皇家美食,TPEx,47.8,,8.03,0.0,1150511
4426,利勤,TWSE,8.04,,0.74,,20260508
4430,耀億,TPEx,16.85,,0.55,2.97,1150511
4502,健信,TPEx,15.65,,1.63,0.0,1150511
4510,高鋒,TPEx,47.15,,2.87,0.0,1150511
4513,福裕,TPEx,14.75,,1.47,0.0,1150511
4528,江興鍛,TPEx,15.95,,0.6,1.25,1150511
4529,淳紳,TPEx,4.5,,1.34,0.0,1150511
4540,全球傳動,TWSE,68.6,,2.29,,20260508
4545,銘鈺,TWSE,30.05,,1.2,0.43,20260508
4557,永新-KY,TWSE,51.0,,0.97,3.92,20260508
4558,寶緯,TPEx,20.35,,1.16,0.0,1150511
4562,穎漢,TWSE,37.7,,3.65,,20260508
4563,百德,TPEx,50.3,,1.97,0.0,1150511
4564,元翎,TWSE,18.0,,1.02,,20260508
4577,達航科技,TPEx,139.5,,7.21,0.0,1150511
4609,唐鋒,TPEx,5.24,,1.75,0.0,1150511
4714,永捷,TPEx,14.8,,1.21,0.0,1150511
4716,大立,TPEx,15.05,,1.24,0.0,1150511
4726,永昕,TPEx,29.25,,3.79,0.0,1150511
4737,華廣,TWSE,58.8,,2.27,,20260508
4743,合一,TPEx,51.5,,2.39,0.0,1150511
4745,合富-KY,TPEx,20.15,,0.54,0.0,1150511
4806,桂田文創,TPEx,10.95,,1.69,0.0,1150511
4807,日成-KY,TWSE,21.55,,1.07,,20260508
4906,正文,TWSE,40.0,,1.5,1.25,20260508
4909,新復興,TPEx,53.9,,1.98,0.0,1150511
4919,新唐,TWSE,167.5,,5.32,0.24,20260508
4923,力士,TPEx,37.4,,2.89,0.0,1150511
4927,泰鼎-KY,TWSE,54.4,,2.45,,20260508
4934,太極,TWSE,18.5,,2.68,,20260508
4939,亞電,TPEx,40.1,,2.75,0.62,1150511
4943,康控-KY,TWSE,9.33,,6.1,,20260508
4956,光鋐,TWSE,49.0,,3.03,,20260508
4960,誠美材,TWSE,39.35,,3.03,,20260508
4972,湯石照明,TPEx,16.45,,0.64,0.0,1150511
4976,佳凌,TWSE,28.95,,1.82,,20260508
4989,榮科,TWSE,94.7,,8.86,,20260508
4999,鑫禾,TWSE,21.0,,0.49,1.19,20260508
5011,久陽,TPEx,15.4,,0.77,0.0,1150511
5014,建錩,TPEx,10.35,,0.67,4.83,1150511
5201,凱衛,TPEx,30.55,,1.72,1.64,1150511
5202,力新,TPEx,13.05,,1.0,1.53,1150511
5205,中茂,TPEx,23.2,,3.58,0.0,1150511
5211,蒙恬,TPEx,20.3,,1.9,0.0,1150511
5220,萬達光電,TPEx,20.45,,1.1,1.47,1150511
5223,安力-KY,TPEx,24.75,,0.56,0.0,1150511
5230,雷笛克光學,TPEx,16.45,,0.71,3.04,1150511
5245,智晶,TPEx,25.5,,1.65,0.0,1150511
5263,智崴,TPEx,104.0,,1.99,0.0,1150511
5272,笙科,TPEx,23.45,,1.55,0.0,1150511
5301,寶得利,TPEx,7.55,,0.93,0.0,1150511
5302,太欣,TPEx,11.4,,1.45,0.0,1150511
5321,美而快,TPEx,22.35,,1.57,0.0,1150511
5324,士開,TPEx,10.7,,1.62,0.0,1150511
5344,立衛,TPEx,16.65,,2.63,0.0,1150511
5345,馥鴻,TPEx,21.85,,3.88,0.0,1150511
5348,正能量智能,TPEx,15.0,,1.91,0.0,1150511
5351,鈺創,TPEx,80.1,,6.67,0.0,1150511
5355,佳總,TPEx,7.0,,1.6,0.0,1150511
5364,力麗店,TPEx,9.84,,0.86,0.0,1150511
5392,能率,TPEx,42.0,,1.3,1.55,1150511
5460,同協,TPEx,14.95,,1.19,0.0,1150511
5464,霖宏,TPEx,57.6,,3.54,0.0,1150511
5468,凱鈺,TPEx,18.15,,1.92,0.0,1150511
5475,德宏,TPEx,331.5,,47.22,0.0,1150511
5481,新華,TPEx,20.6,,1.16,0.0,1150511
5484,慧友,TWSE,37.95,,5.13,,20260508
5487,通泰,TPEx,27.8,,1.29,0.0,1150511
5498,凱崴,TPEx,69.1,,6.36,0.36,1150511
5523,豐謙,TPEx,30.35,,1.65,1.65,1150511
5531,鄉林,TWSE,8.47,,0.84,,20260508
5543,桓鼎-KY,TPEx,29.5,,3.35,0.0,1150511
5546,永固-KY,TWSE,16.55,,0.73,12.08,20260508
5608,四維航,TWSE,15.15,,0.62,,20260508
5701,劍湖山,TPEx,3.41,,0.92,0.0,1150511
5905,南仁湖,TPEx,8.79,,0.89,0.0,1150511
5907,大洋-KY,TWSE,5.3,,0.27,,20260508
6101,寬魚國際,TPEx,38.7,,3.92,0.0,1150511
6103,合邦,TPEx,40.0,,3.51,0.0,1150511
6108,競國,TWSE,21.8,,1.03,4.59,20260508
6109,亞元,TPEx,12.5,,1.46,0.0,1150511
6111,光聚晶電,TPEx,47.85,,2.61,0.0,1150511
6113,亞矽,TPEx,24.5,,2.42,0.0,1150511
6116,彩晶,TWSE,9.2,,0.77,,20260508
6120,達運,TWSE,12.9,,0.86,1.94,20260508
6124,業強,TPEx,30.7,,1.8,0.0,1150511
6128,上福,TWSE,20.5,,0.94,2.44,20260508
6129,普誠,TPEx,16.4,,1.8,0.0,1150511
6130,上亞科技,TPEx,23.65,,1.92,0.0,1150511
6140,訊達,TPEx,21.6,,2.36,0.0,1150511
6141,柏承,TWSE,33.1,,5.63,,20260508
6142,友勁,TWSE,8.73,,1.0,,20260508
6144,得利影,TPEx,15.0,,1.88,0.0,1150511
6152,百一,TWSE,13.5,,1.83,,20260508
6153,嘉聯益,TWSE,18.35,,1.28,,20260508
6158,禾昌,TPEx,18.35,,0.9,0.0,1150511
6160,欣技,TPEx,16.1,,1.71,0.0,1150511
6167,久正,TPEx,12.0,,1.03,0.0,1150511
6169,昱泉,TPEx,16.3,,1.74,0.0,1150511
6180,橘子,TPEx,39.4,,1.58,2.54,1150511
6198,瑞築,TPEx,21.7,,0.78,0.0,1150511
6210,慶生,TPEx,20.45,,2.06,0.0,1150511
6217,中探針,TPEx,282.0,,11.05,0.0,1150511
6218,豪勉,TPEx,37.3,,2.82,0.0,1150511
6219,富旺,TPEx,12.9,,0.81,0.0,1150511
6222,立軒,TPEx,22.9,,1.87,0.0,1150511
6225,天瀚,TWSE,24.4,,7.85,,20260508
6226,光鼎,TWSE,12.3,,1.26,,20260508
6228,全譜,TPEx,22.1,,2.38,0.0,1150511
6230,尼得科超眾,TWSE,156.5,,2.36,0.14,20260508
6233,旺玖,TPEx,26.5,,1.51,2.83,1150511
6237,驊訊,TPEx,45.5,,2.46,0.22,1150511
6240,松崗,TPEx,18.5,,1.01,0.0,1150511
6241,鑫永洋,TPEx,8.68,,1.19,0.0,1150511
6243,迅杰,TWSE,34.45,,2.03,3.48,20260508
6264,富裔,TPEx,6.11,,1.17,0.0,1150511
6269,台郡,TWSE,63.2,,0.95,,20260508
6283,淳安,TWSE,25.65,,2.26,,20260508
6405,悅城,TWSE,64.4,,1.59,0.16,20260508
6425,易發,TPEx,88.0,,3.51,0.57,1150511
6426,統新,TWSE,262.0,,11.16,0.19,20260508
6431,光麗-KY,TWSE,21.0,,3.54,,20260508
6441,廣錠,TPEx,27.55,,1.55,0.0,1150511
6443,元晶,TWSE,39.95,,5.63,,20260508
6456,GIS-KY,TWSE,65.5,,0.73,,20260508
6461,益得,TPEx,16.8,,2.72,0.0,1150511
6462,神盾,TPEx,129.5,,1.64,0.0,1150511
6492,生華科,TPEx,50.3,,5.91,0.0,1150511
6496,科懋,TPEx,24.6,,1.54,0.0,1150511
6499,益安,TPEx,83.7,,5.97,0.0,1150511
6504,南六,TWSE,39.8,,0.84,2.51,20260508
6512,啟發電,TPEx,19.2,,1.4,0.0,1150511
6533,晶心科,TWSE,238.5,,2.68,,20260508
6535,順藥,TPEx,133.0,,15.97,0.0,1150511
6541,泰福-KY,TWSE,39.3,,1.83,,20260508
6547,高端疫苗,TPEx,48.9,,4.62,0.0,1150511
6550,北極星藥業-KY,TWSE,17.6,,2.86,,20260508
6552,易華電,TWSE,29.6,,1.46,0.68,20260508
6558,興能高,TWSE,29.25,,2.01,1.03,20260508
6560,欣普羅,TPEx,39.35,,1.99,0.0,1150511
6576,逸達,TPEx,80.1,,13.58,0.0,1150511
6578,達邦蛋白,TPEx,14.75,,1.06,2.71,1150511
6582,申豐,TWSE,31.7,,0.52,3.15,20260508
6588,東典光電,TPEx,145.0,,6.58,0.0,1150511
6589,台康生技,TWSE,45.35,,1.65,,20260508
6593,台灣銘板,TPEx,35.15,,1.25,0.0,1150511
6598,ABC-KY,TWSE,22.5,,3.59,,20260508
6609,瀧澤科,TPEx,43.3,,1.33,0.0,1150511
6615,慧智,TPEx,32.35,,1.11,0.0,1150511
6616,特昇-KY,TPEx,9.97,,0.79,0.0,1150511
6617,共信-KY,TPEx,63.4,,3.07,0.0,1150511
6645,金萬林-創,TWSE,13.0,,1.76,,20260508
6657,華安,TWSE,41.0,,4.02,,20260508
6668,中揚光,TWSE,36.7,,1.83,,20260508
6674,鋐寶科技,TWSE,18.4,,1.39,,20260508
6680,鑫創電子,TPEx,54.0,,2.36,0.56,1150511
6695,芯鼎,TWSE,52.9,,3.28,,20260508
6698,旭暉應材,TWSE,32.9,,2.0,1.52,20260508
6706,惠特,TWSE,172.5,,3.53,,20260508
6733,博晟生醫,TPEx,28.0,,3.2,0.0,1150511
6742,澤米,TWSE,38.65,,2.16,0.78,20260508
6762,達亞,TPEx,144.0,,3.95,0.69,1150511
6767,台微醫,TPEx,27.0,,1.84,0.0,1150511
6785,昱展新藥,TPEx,134.5,,3.79,0.07,1150511
6794,向榮生技,TWSE,83.3,,6.13,,20260508
6804,明係,TPEx,15.05,,0.49,3.32,1150511
6806,森崴能源,TWSE,20.35,,3.98,6.04,20260508
6823,濾能,TPEx,88.8,,4.94,0.0,1150511
6830,汎銓,TWSE,787.0,,13.4,0.13,20260508
6838,台新藥,TWSE,26.9,,2.79,,20260508
6854,錼創科技-KY創,TWSE,147.0,,4.73,,20260508
6869,雲豹能源,TWSE,87.3,,2.4,2.29,20260508
6872,浩宇生醫,TPEx,18.0,,2.41,0.0,1150511
6875,國邑*,TPEx,34.25,,2.84,0.0,1150511
6877,鏵友益,TPEx,163.0,,8.92,0.31,1150511
6885,全福生技,TWSE,22.4,,1.8,,20260508
6901,鑽石投資,TWSE,13.0,,1.25,,20260508
6916,華凌,TWSE,18.8,,1.22,1.49,20260508
6919,康霈*,TWSE,104.0,,17.28,,20260508
6928,攸泰科技,TWSE,49.9,,2.11,1.0,20260508
6929,佑全,TPEx,24.8,,1.09,0.0,1150511
6934,心誠鎂,TWSE,78.1,,4.92,,20260508
6949,沛爾生醫-創,TWSE,690.0,,17.0,,20260508
6958,日盛台駿,TWSE,19.05,,0.83,,20260508
6969,成信實業*-創,TWSE,28.95,,3.4,,20260508
6988,威力暘-創,TWSE,14.5,,0.95,3.1,20260508
7584,樂意,TPEx,32.8,,1.16,1.22,1150511
7723,築間,TPEx,27.65,,1.63,0.0,1150511
7799,禾榮科,TWSE,343.5,,4.77,,20260508
7823,奧義賽博-KY創,TWSE,89.9,,5.49,,20260508
8024,佑華,TPEx,12.3,,1.31,0.0,1150511
8027,鈦昇,TPEx,223.0,,8.86,0.0,1150511
8040,九暘,TPEx,78.0,,3.06,0.0,1150511
8044,網家,TPEx,24.3,,0.74,0.0,1150511
8047,星雲,TPEx,53.6,,5.77,0.0,1150511
8054,安國,TPEx,103.5,,4.17,0.0,1150511
8059,凱碩,TPEx,20.85,,3.63,0.0,1150511
8066,來思達,TPEx,16.85,,1.13,0.0,1150511
8067,志旭,TPEx,12.45,,1.82,0.0,1150511
8071,能率網通,TPEx,16.8,,1.32,0.0,1150511
8084,巨虹,TPEx,44.7,,6.07,0.0,1150511
8085,福華,TPEx,12.15,,1.34,0.0,1150511
8087,麗升能源,TPEx,34.0,,1.7,0.0,1150511
8089,康全電訊,TPEx,21.1,,1.35,0.0,1150511
8092,建暐,TPEx,17.95,,1.85,0.0,1150511
8093,保銳,TPEx,19.25,,2.67,0.0,1150511
8097,常珵,TPEx,51.9,,2.71,0.0,1150511
8101,華冠,TWSE,12.45,,2.39,,20260508
8104,錸寶,TWSE,33.75,,1.25,0.59,20260508
8105,凌巨,TWSE,13.55,,0.76,,20260508
8107,大億金茂,TPEx,11.5,,0.57,0.0,1150511
8121,越峰,TPEx,33.85,,3.54,0.0,1150511
8171,天宇,TPEx,24.05,,1.4,0.0,1150511
8201,無敵,TWSE,12.7,,1.72,,20260508
8215,明基材,TWSE,27.05,,1.77,1.11,20260508
8277,商丞,TPEx,7.05,,1.46,0.0,1150511
8291,尚茂,TPEx,38.9,,9.2,0.0,1150511
8374,羅昇,TWSE,88.6,,4.92,0.23,20260508
8411,福貞-KY,TWSE,12.25,,0.46,0.82,20260508
8421,旭源,TPEx,13.75,,1.01,0.0,1150511
8431,匯鑽科,TPEx,60.9,,3.73,0.0,1150511
8437,大地-KY,TPEx,11.55,,0.23,0.0,1150511
8443,阿瘦,TWSE,11.8,,1.18,1.69,20260508
8444,綠河-KY,TPEx,7.15,,2.05,0.0,1150511
8450,霹靂,TPEx,16.0,,1.98,0.0,1150511
8466,美吉吉-KY,TWSE,15.55,,0.41,1.93,20260508
8472,夠麻吉,TPEx,69.8,,4.58,0.0,1150511
8477,創業家,TPEx,15.0,,2.8,0.0,1150511
8488,吉源-KY,TWSE,10.1,,0.32,,20260508
8489,三貝德,TPEx,25.0,,1.61,0.0,1150511
8906,花王,TPEx,25.0,,2.24,0.0,1150511
8921,沈氏,TPEx,,,0.82,1.47,1150511
8929,富堡,TPEx,14.35,,0.92,0.0,1150511
8933,愛地雅,TPEx,5.82,,1.12,0.0,1150511
8935,邦泰,TPEx,18.1,,2.37,0.0,1150511
8937,合騏*,TPEx,34.5,,5.64,0.0,1150511
9902,台火,TWSE,13.9,,1.12,2.16,20260508
9912,偉聯,TWSE,12.65,,1.77,,20260508
9919,康那香,TWSE,14.55,,1.35,1.37,20260508
9928,中視,TWSE,17.65,,0.58,,20260508
9929,秋雨,TWSE,12.45,,1.61,,20260508
9934,成霖,TWSE,9.27,,0.63,1.08,20260508
9944,新麗,TWSE,16.5,,0.52,1.82,20260508
9950,萬國通,TPEx,10.7,,1.22,0.0,1150511
9962,有益,TPEx,9.61,,0.82,0.0,1150511
